2025-05-28 06:01:02 INFO  [SpringApplicationShutdownHook] o.s.o.j.LocalContainerEntityManagerFactoryBean - Closing JPA EntityManagerFactory for persistence unit 'default'
2025-05-28 06:01:02 INFO  [SpringApplicationShutdownHook] com.zaxxer.hikari.HikariDataSource - HikariPool-1 - Shutdown initiated...
2025-05-28 06:01:02 INFO  [SpringApplicationShutdownHook] com.zaxxer.hikari.HikariDataSource - HikariPool-1 - Shutdown completed.
2025-05-28 06:01:07 INFO  [background-preinit] o.h.validator.internal.util.Version - HV000001: Hibernate Validator 8.0.1.Final
2025-05-28 06:01:07 INFO  [restartedMain] c.n.NotesApiServiceApplication - Starting NotesApiServiceApplication using Java 21.0.4 with PID 12444 (E:\Personal Project(Spring)\ENote Project\Notes Api Service\target\classes started by golam.kibria in E:\Personal Project(Spring)\ENote Project\Notes Api Service)
2025-05-28 06:01:07 INFO  [restartedMain] c.n.NotesApiServiceApplication - The following 1 profile is active: "dev"
2025-05-28 06:01:07 INFO  [restartedMain] o.s.b.d.e.DevToolsPropertyDefaultsPostProcessor - Devtools property defaults active! Set 'spring.devtools.add-properties' to 'false' to disable
2025-05-28 06:01:07 INFO  [restartedMain] o.s.b.d.e.DevToolsPropertyDefaultsPostProcessor - For additional web related logging consider setting the 'logging.level.web' property to 'DEBUG'
2025-05-28 06:01:08 INFO  [restartedMain] o.s.d.r.c.RepositoryConfigurationDelegate - Bootstrapping Spring Data JPA repositories in DEFAULT mode.
2025-05-28 06:01:08 INFO  [restartedMain] o.s.d.r.c.RepositoryConfigurationDelegate - Finished Spring Data repository scanning in 51 ms. Found 7 JPA repository interfaces.
2025-05-28 06:01:09 INFO  [restartedMain] o.s.b.w.e.tomcat.TomcatWebServer - Tomcat initialized with port 8080 (http)
2025-05-28 06:01:09 INFO  [restartedMain] o.a.coyote.http11.Http11NioProtocol - Initializing ProtocolHandler ["http-nio-8080"]
2025-05-28 06:01:09 INFO  [restartedMain] o.a.catalina.core.StandardService - Starting service [Tomcat]
2025-05-28 06:01:09 INFO  [restartedMain] o.a.catalina.core.StandardEngine - Starting Servlet engine: [Apache Tomcat/10.1.31]
2025-05-28 06:01:10 INFO  [restartedMain] o.a.c.c.C.[Tomcat].[localhost].[/] - Initializing Spring embedded WebApplicationContext
2025-05-28 06:01:10 INFO  [restartedMain] o.s.b.w.s.c.ServletWebServerApplicationContext - Root WebApplicationContext: initialization completed in 2502 ms
2025-05-28 06:01:10 INFO  [restartedMain] o.h.jpa.internal.util.LogHelper - HHH000204: Processing PersistenceUnitInfo [name: default]
2025-05-28 06:01:10 INFO  [restartedMain] org.hibernate.Version - HHH000412: Hibernate ORM core version 6.5.3.Final
2025-05-28 06:01:10 INFO  [restartedMain] o.h.c.i.RegionFactoryInitiator - HHH000026: Second-level cache disabled
2025-05-28 06:01:11 INFO  [restartedMain] o.s.o.j.p.SpringPersistenceUnitInfo - No LoadTimeWeaver setup: ignoring JPA class transformer
2025-05-28 06:01:11 INFO  [restartedMain] com.zaxxer.hikari.HikariDataSource - HikariPool-1 - Starting...
2025-05-28 06:01:11 INFO  [restartedMain] com.zaxxer.hikari.pool.HikariPool - HikariPool-1 - Added connection com.mysql.cj.jdbc.ConnectionImpl@c5b2a10
2025-05-28 06:01:11 INFO  [restartedMain] com.zaxxer.hikari.HikariDataSource - HikariPool-1 - Start completed.
2025-05-28 06:01:12 INFO  [restartedMain] o.h.e.t.j.p.i.JtaPlatformInitiator - HHH000489: No JTA platform available (set 'hibernate.transaction.jta.platform' to enable JTA platform integration)
2025-05-28 06:01:12 INFO  [restartedMain] o.s.o.j.LocalContainerEntityManagerFactoryBean - Initialized JPA EntityManagerFactory for persistence unit 'default'
2025-05-28 06:01:13 INFO  [restartedMain] o.s.d.j.r.query.QueryEnhancerFactory - Hibernate is in classpath; If applicable, HQL parser will be used.
2025-05-28 06:01:14 INFO  [restartedMain] o.s.s.c.a.a.c.InitializeAuthenticationProviderBeanManagerConfigurer$InitializeAuthenticationProviderManagerConfigurer - Global AuthenticationManager configured with AuthenticationProvider bean with name authenticationProvider
2025-05-28 06:01:14 WARN  [restartedMain] o.s.s.c.a.a.c.InitializeUserDetailsBeanManagerConfigurer$InitializeUserDetailsManagerConfigurer - Global AuthenticationManager configured with an AuthenticationProvider bean. UserDetailsService beans will not be used for username/password login. Consider removing the AuthenticationProvider bean. Alternatively, consider using the UserDetailsService in a manually instantiated DaoAuthenticationProvider.
2025-05-28 06:01:15 WARN  [restartedMain] o.s.b.a.o.j.JpaBaseConfiguration$JpaWebConfiguration - spring.jpa.open-in-view is enabled by default. Therefore, database queries may be performed during view rendering. Explicitly configure spring.jpa.open-in-view to disable this warning
2025-05-28 06:01:16 INFO  [restartedMain] o.s.b.a.e.web.EndpointLinksResolver - Exposing 15 endpoints beneath base path '/actuator'
2025-05-28 06:01:17 INFO  [restartedMain] o.s.b.d.a.OptionalLiveReloadServer - LiveReload server is running on port 35729
2025-05-28 06:01:18 INFO  [restartedMain] o.a.coyote.http11.Http11NioProtocol - Starting ProtocolHandler ["http-nio-8080"]
2025-05-28 06:01:18 INFO  [restartedMain] o.s.b.w.e.tomcat.TomcatWebServer - Tomcat started on port 8080 (http) with context path '/'
2025-05-28 06:01:18 INFO  [restartedMain] c.n.NotesApiServiceApplication - Started NotesApiServiceApplication in 10.842 seconds (process running for 11.719)
2025-05-28 06:01:18 INFO  [RMI TCP Connection(1)-192.168.1.4] o.a.c.c.C.[Tomcat].[localhost].[/] - Initializing Spring DispatcherServlet 'dispatcherServlet'
2025-05-28 06:01:18 INFO  [RMI TCP Connection(1)-192.168.1.4] o.s.web.servlet.DispatcherServlet - Initializing Servlet 'dispatcherServlet'
2025-05-28 06:01:18 INFO  [RMI TCP Connection(1)-192.168.1.4] o.s.web.servlet.DispatcherServlet - Completed initialization in 8 ms
2025-05-28 06:01:28 INFO  [http-nio-8080-exec-4] c.n.aspect.LoggingAspect - Calling :: AuthController  :: loginUser()
2025-05-28 06:01:28 INFO  [http-nio-8080-exec-4] c.n.controller.AuthController - AuthController :: loginUser :: Execution start
2025-05-28 06:01:28 INFO  [http-nio-8080-exec-4] c.n.controller.AuthController - AuthController :: loginUser :: Execution end
2025-05-28 06:01:28 INFO  [http-nio-8080-exec-4] c.n.aspect.LoggingAspect - End calling :: AuthController  :: loginUser()
2025-05-28 06:01:28 INFO  [http-nio-8080-exec-4] c.n.aspect.LoggingAspect - Execution time :: AuthController :: 356 ms
2025-05-28 06:02:29 INFO  [SpringApplicationShutdownHook] o.s.o.j.LocalContainerEntityManagerFactoryBean - Closing JPA EntityManagerFactory for persistence unit 'default'
2025-05-28 06:02:29 INFO  [SpringApplicationShutdownHook] com.zaxxer.hikari.HikariDataSource - HikariPool-1 - Shutdown initiated...
2025-05-28 06:02:29 INFO  [SpringApplicationShutdownHook] com.zaxxer.hikari.HikariDataSource - HikariPool-1 - Shutdown completed.
2025-05-28 06:02:33 INFO  [background-preinit] o.h.validator.internal.util.Version - HV000001: Hibernate Validator 8.0.1.Final
2025-05-28 06:02:33 INFO  [restartedMain] c.n.NotesApiServiceApplication - Starting NotesApiServiceApplication using Java 21.0.4 with PID 6700 (E:\Personal Project(Spring)\ENote Project\Notes Api Service\target\classes started by golam.kibria in E:\Personal Project(Spring)\ENote Project\Notes Api Service)
2025-05-28 06:02:33 INFO  [restartedMain] c.n.NotesApiServiceApplication - The following 1 profile is active: "dev"
2025-05-28 06:02:33 INFO  [restartedMain] o.s.b.d.e.DevToolsPropertyDefaultsPostProcessor - Devtools property defaults active! Set 'spring.devtools.add-properties' to 'false' to disable
2025-05-28 06:02:33 INFO  [restartedMain] o.s.b.d.e.DevToolsPropertyDefaultsPostProcessor - For additional web related logging consider setting the 'logging.level.web' property to 'DEBUG'
2025-05-28 06:02:34 INFO  [restartedMain] o.s.d.r.c.RepositoryConfigurationDelegate - Bootstrapping Spring Data JPA repositories in DEFAULT mode.
2025-05-28 06:02:34 INFO  [restartedMain] o.s.d.r.c.RepositoryConfigurationDelegate - Finished Spring Data repository scanning in 39 ms. Found 7 JPA repository interfaces.
2025-05-28 06:02:35 INFO  [restartedMain] o.s.b.w.e.tomcat.TomcatWebServer - Tomcat initialized with port 8080 (http)
2025-05-28 06:02:35 INFO  [restartedMain] o.a.coyote.http11.Http11NioProtocol - Initializing ProtocolHandler ["http-nio-8080"]
2025-05-28 06:02:35 INFO  [restartedMain] o.a.catalina.core.StandardService - Starting service [Tomcat]
2025-05-28 06:02:35 INFO  [restartedMain] o.a.catalina.core.StandardEngine - Starting Servlet engine: [Apache Tomcat/10.1.31]
2025-05-28 06:02:35 INFO  [restartedMain] o.a.c.c.C.[Tomcat].[localhost].[/] - Initializing Spring embedded WebApplicationContext
2025-05-28 06:02:35 INFO  [restartedMain] o.s.b.w.s.c.ServletWebServerApplicationContext - Root WebApplicationContext: initialization completed in 1957 ms
2025-05-28 06:02:35 INFO  [restartedMain] o.h.jpa.internal.util.LogHelper - HHH000204: Processing PersistenceUnitInfo [name: default]
2025-05-28 06:02:35 INFO  [restartedMain] org.hibernate.Version - HHH000412: Hibernate ORM core version 6.5.3.Final
2025-05-28 06:02:35 INFO  [restartedMain] o.h.c.i.RegionFactoryInitiator - HHH000026: Second-level cache disabled
2025-05-28 06:02:35 INFO  [restartedMain] o.s.o.j.p.SpringPersistenceUnitInfo - No LoadTimeWeaver setup: ignoring JPA class transformer
2025-05-28 06:02:36 INFO  [restartedMain] com.zaxxer.hikari.HikariDataSource - HikariPool-1 - Starting...
2025-05-28 06:02:36 INFO  [restartedMain] com.zaxxer.hikari.pool.HikariPool - HikariPool-1 - Added connection com.mysql.cj.jdbc.ConnectionImpl@78fd1e01
2025-05-28 06:02:36 INFO  [restartedMain] com.zaxxer.hikari.HikariDataSource - HikariPool-1 - Start completed.
2025-05-28 06:02:37 INFO  [restartedMain] o.h.e.t.j.p.i.JtaPlatformInitiator - HHH000489: No JTA platform available (set 'hibernate.transaction.jta.platform' to enable JTA platform integration)
2025-05-28 06:02:37 INFO  [restartedMain] o.s.o.j.LocalContainerEntityManagerFactoryBean - Initialized JPA EntityManagerFactory for persistence unit 'default'
2025-05-28 06:02:38 INFO  [restartedMain] o.s.d.j.r.query.QueryEnhancerFactory - Hibernate is in classpath; If applicable, HQL parser will be used.
2025-05-28 06:02:39 INFO  [restartedMain] o.s.s.c.a.a.c.InitializeAuthenticationProviderBeanManagerConfigurer$InitializeAuthenticationProviderManagerConfigurer - Global AuthenticationManager configured with AuthenticationProvider bean with name authenticationProvider
2025-05-28 06:02:39 WARN  [restartedMain] o.s.s.c.a.a.c.InitializeUserDetailsBeanManagerConfigurer$InitializeUserDetailsManagerConfigurer - Global AuthenticationManager configured with an AuthenticationProvider bean. UserDetailsService beans will not be used for username/password login. Consider removing the AuthenticationProvider bean. Alternatively, consider using the UserDetailsService in a manually instantiated DaoAuthenticationProvider.
2025-05-28 06:02:40 WARN  [restartedMain] o.s.b.a.o.j.JpaBaseConfiguration$JpaWebConfiguration - spring.jpa.open-in-view is enabled by default. Therefore, database queries may be performed during view rendering. Explicitly configure spring.jpa.open-in-view to disable this warning
2025-05-28 06:02:41 INFO  [restartedMain] o.s.b.a.e.web.EndpointLinksResolver - Exposing 15 endpoints beneath base path '/actuator'
2025-05-28 06:02:42 INFO  [restartedMain] o.s.b.d.a.OptionalLiveReloadServer - LiveReload server is running on port 35729
2025-05-28 06:02:42 INFO  [restartedMain] o.a.coyote.http11.Http11NioProtocol - Starting ProtocolHandler ["http-nio-8080"]
2025-05-28 06:02:42 INFO  [restartedMain] o.s.b.w.e.tomcat.TomcatWebServer - Tomcat started on port 8080 (http) with context path '/'
2025-05-28 06:02:42 INFO  [restartedMain] c.n.NotesApiServiceApplication - Started NotesApiServiceApplication in 9.891 seconds (process running for 10.782)
2025-05-28 06:02:43 INFO  [RMI TCP Connection(2)-192.168.1.4] o.a.c.c.C.[Tomcat].[localhost].[/] - Initializing Spring DispatcherServlet 'dispatcherServlet'
2025-05-28 06:02:43 INFO  [RMI TCP Connection(2)-192.168.1.4] o.s.web.servlet.DispatcherServlet - Initializing Servlet 'dispatcherServlet'
2025-05-28 06:02:43 INFO  [RMI TCP Connection(2)-192.168.1.4] o.s.web.servlet.DispatcherServlet - Completed initialization in 2 ms
2025-05-28 06:03:04 INFO  [http-nio-8080-exec-1] c.n.aspect.LoggingAspect - Calling :: AuthController  :: loginUser()
2025-05-28 06:03:04 INFO  [http-nio-8080-exec-1] c.n.controller.AuthController - AuthController :: loginUser :: Execution start
2025-05-28 06:03:05 INFO  [http-nio-8080-exec-1] c.n.controller.AuthController - AuthController :: loginUser :: Execution end
2025-05-28 06:03:05 INFO  [http-nio-8080-exec-1] c.n.aspect.LoggingAspect - End calling :: AuthController  :: loginUser()
2025-05-28 06:03:05 INFO  [http-nio-8080-exec-1] c.n.aspect.LoggingAspect - Execution time :: AuthController :: 367 ms
2025-05-28 06:03:27 INFO  [http-nio-8080-exec-3] c.n.aspect.LoggingAspect - Calling :: AuthController  :: loginUser()
2025-05-28 06:03:27 INFO  [http-nio-8080-exec-3] c.n.controller.AuthController - AuthController :: loginUser :: Execution start
2025-05-28 06:03:27 INFO  [http-nio-8080-exec-3] c.n.aspect.LoggingAspect - End calling :: AuthController  :: loginUser()
2025-05-28 06:03:27 ERROR [http-nio-8080-exec-3] c.n.aspect.LoggingAspect - Exception in method: ResponseEntity com.notes_api_service.controller.AuthController.loginUser(LoginRequest)
org.springframework.security.authentication.BadCredentialsException: Bad credentials
	at org.springframework.security.authentication.dao.DaoAuthenticationProvider.additionalAuthenticationChecks(DaoAuthenticationProvider.java:93)
	at org.springframework.security.authentication.dao.AbstractUserDetailsAuthenticationProvider.authenticate(AbstractUserDetailsAuthenticationProvider.java:147)
	at org.springframework.security.authentication.ProviderManager.authenticate(ProviderManager.java:182)
	at com.notes_api_service.service.auth_impl.AuthServiceImpl.loginUser(AuthServiceImpl.java:86)
	at com.notes_api_service.controller.AuthController.loginUser(AuthController.java:37)
	at java.base/jdk.internal.reflect.DirectMethodHandleAccessor.invoke(DirectMethodHandleAccessor.java:103)
	at java.base/java.lang.reflect.Method.invoke(Method.java:580)
	at org.springframework.aop.support.AopUtils.invokeJoinpointUsingReflection(AopUtils.java:355)
	at org.springframework.aop.framework.ReflectiveMethodInvocation.invokeJoinpoint(ReflectiveMethodInvocation.java:196)
	at org.springframework.aop.framework.ReflectiveMethodInvocation.proceed(ReflectiveMethodInvocation.java:163)
	at org.springframework.aop.framework.CglibAopProxy$CglibMethodInvocation.proceed(CglibAopProxy.java:768)
	at org.springframework.aop.aspectj.AspectJAfterAdvice.invoke(AspectJAfterAdvice.java:49)
	at org.springframework.aop.framework.ReflectiveMethodInvocation.proceed(ReflectiveMethodInvocation.java:184)
	at org.springframework.aop.framework.CglibAopProxy$CglibMethodInvocation.proceed(CglibAopProxy.java:768)
	at org.springframework.aop.framework.adapter.MethodBeforeAdviceInterceptor.invoke(MethodBeforeAdviceInterceptor.java:58)
	at org.springframework.aop.framework.ReflectiveMethodInvocation.proceed(ReflectiveMethodInvocation.java:184)
	at org.springframework.aop.framework.CglibAopProxy$CglibMethodInvocation.proceed(CglibAopProxy.java:768)
	at org.springframework.aop.aspectj.MethodInvocationProceedingJoinPoint.proceed(MethodInvocationProceedingJoinPoint.java:89)
	at com.notes_api_service.aspect.LoggingAspect.timeExecutionController(LoggingAspect.java:39)
	at java.base/jdk.internal.reflect.DirectMethodHandleAccessor.invoke(DirectMethodHandleAccessor.java:103)
	at java.base/java.lang.reflect.Method.invoke(Method.java:580)
	at org.springframework.aop.aspectj.AbstractAspectJAdvice.invokeAdviceMethodWithGivenArgs(AbstractAspectJAdvice.java:637)
	at org.springframework.aop.aspectj.AbstractAspectJAdvice.invokeAdviceMethod(AbstractAspectJAdvice.java:627)
	at org.springframework.aop.aspectj.AspectJAroundAdvice.invoke(AspectJAroundAdvice.java:71)
	at org.springframework.aop.framework.ReflectiveMethodInvocation.proceed(ReflectiveMethodInvocation.java:184)
	at org.springframework.aop.framework.CglibAopProxy$CglibMethodInvocation.proceed(CglibAopProxy.java:768)
	at org.springframework.aop.interceptor.ExposeInvocationInterceptor.invoke(ExposeInvocationInterceptor.java:97)
	at org.springframework.aop.framework.ReflectiveMethodInvocation.proceed(ReflectiveMethodInvocation.java:184)
	at org.springframework.aop.framework.CglibAopProxy$CglibMethodInvocation.proceed(CglibAopProxy.java:768)
	at org.springframework.aop.framework.CglibAopProxy$DynamicAdvisedInterceptor.intercept(CglibAopProxy.java:720)
	at com.notes_api_service.controller.AuthController$$SpringCGLIB$$0.loginUser(<generated>)
	at java.base/jdk.internal.reflect.DirectMethodHandleAccessor.invoke(DirectMethodHandleAccessor.java:103)
	at java.base/java.lang.reflect.Method.invoke(Method.java:580)
	at org.springframework.web.method.support.InvocableHandlerMethod.doInvoke(InvocableHandlerMethod.java:255)
	at org.springframework.web.method.support.InvocableHandlerMethod.invokeForRequest(InvocableHandlerMethod.java:188)
	at org.springframework.web.servlet.mvc.method.annotation.ServletInvocableHandlerMethod.invokeAndHandle(ServletInvocableHandlerMethod.java:118)
	at org.springframework.web.servlet.mvc.method.annotation.RequestMappingHandlerAdapter.invokeHandlerMethod(RequestMappingHandlerAdapter.java:926)
	at org.springframework.web.servlet.mvc.method.annotation.RequestMappingHandlerAdapter.handleInternal(RequestMappingHandlerAdapter.java:831)
	at org.springframework.web.servlet.mvc.method.AbstractHandlerMethodAdapter.handle(AbstractHandlerMethodAdapter.java:87)
	at org.springframework.web.servlet.DispatcherServlet.doDispatch(DispatcherServlet.java:1089)
	at org.springframework.web.servlet.DispatcherServlet.doService(DispatcherServlet.java:979)
	at org.springframework.web.servlet.FrameworkServlet.processRequest(FrameworkServlet.java:1014)
	at org.springframework.web.servlet.FrameworkServlet.doPost(FrameworkServlet.java:914)
	at jakarta.servlet.http.HttpServlet.service(HttpServlet.java:590)
	at org.springframework.web.servlet.FrameworkServlet.service(FrameworkServlet.java:885)
	at jakarta.servlet.http.HttpServlet.service(HttpServlet.java:658)
	at org.apache.catalina.core.ApplicationFilterChain.internalDoFilter(ApplicationFilterChain.java:195)
	at org.apache.catalina.core.ApplicationFilterChain.doFilter(ApplicationFilterChain.java:140)
	at org.apache.tomcat.websocket.server.WsFilter.doFilter(WsFilter.java:51)
	at org.apache.catalina.core.ApplicationFilterChain.internalDoFilter(ApplicationFilterChain.java:164)
	at org.apache.catalina.core.ApplicationFilterChain.doFilter(ApplicationFilterChain.java:140)
	at org.springframework.web.filter.OncePerRequestFilter.doFilter(OncePerRequestFilter.java:110)
	at org.apache.catalina.core.ApplicationFilterChain.internalDoFilter(ApplicationFilterChain.java:164)
	at org.apache.catalina.core.ApplicationFilterChain.doFilter(ApplicationFilterChain.java:140)
	at org.springframework.web.filter.CompositeFilter$VirtualFilterChain.doFilter(CompositeFilter.java:108)
	at org.springframework.security.web.FilterChainProxy.lambda$doFilterInternal$3(FilterChainProxy.java:231)
	at org.springframework.security.web.ObservationFilterChainDecorator$FilterObservation$SimpleFilterObservation.lambda$wrap$1(ObservationFilterChainDecorator.java:479)
	at org.springframework.security.web.ObservationFilterChainDecorator$AroundFilterObservation$SimpleAroundFilterObservation.lambda$wrap$1(ObservationFilterChainDecorator.java:340)
	at org.springframework.security.web.ObservationFilterChainDecorator.lambda$wrapSecured$0(ObservationFilterChainDecorator.java:82)
	at org.springframework.security.web.ObservationFilterChainDecorator$VirtualFilterChain.doFilter(ObservationFilterChainDecorator.java:128)
	at org.springframework.security.web.access.intercept.AuthorizationFilter.doFilter(AuthorizationFilter.java:100)
	at org.springframework.security.web.ObservationFilterChainDecorator$ObservationFilter.wrapFilter(ObservationFilterChainDecorator.java:240)
	at org.springframework.security.web.ObservationFilterChainDecorator$ObservationFilter.doFilter(ObservationFilterChainDecorator.java:227)
	at org.springframework.security.web.ObservationFilterChainDecorator$VirtualFilterChain.doFilter(ObservationFilterChainDecorator.java:137)
	at org.springframework.security.web.access.ExceptionTranslationFilter.doFilter(ExceptionTranslationFilter.java:126)
	at org.springframework.security.web.access.ExceptionTranslationFilter.doFilter(ExceptionTranslationFilter.java:120)
	at org.springframework.security.web.ObservationFilterChainDecorator$ObservationFilter.wrapFilter(ObservationFilterChainDecorator.java:240)
	at org.springframework.security.web.ObservationFilterChainDecorator$ObservationFilter.doFilter(ObservationFilterChainDecorator.java:227)
	at org.springframework.security.web.ObservationFilterChainDecorator$VirtualFilterChain.doFilter(ObservationFilterChainDecorator.java:137)
	at org.springframework.security.web.session.SessionManagementFilter.doFilter(SessionManagementFilter.java:131)
	at org.springframework.security.web.session.SessionManagementFilter.doFilter(SessionManagementFilter.java:85)
	at org.springframework.security.web.ObservationFilterChainDecorator$ObservationFilter.wrapFilter(ObservationFilterChainDecorator.java:240)
	at org.springframework.security.web.ObservationFilterChainDecorator$ObservationFilter.doFilter(ObservationFilterChainDecorator.java:227)
	at org.springframework.security.web.ObservationFilterChainDecorator$VirtualFilterChain.doFilter(ObservationFilterChainDecorator.java:137)
	at org.springframework.security.web.authentication.AnonymousAuthenticationFilter.doFilter(AnonymousAuthenticationFilter.java:100)
	at org.springframework.security.web.ObservationFilterChainDecorator$ObservationFilter.wrapFilter(ObservationFilterChainDecorator.java:240)
	at org.springframework.security.web.ObservationFilterChainDecorator$ObservationFilter.doFilter(ObservationFilterChainDecorator.java:227)
	at org.springframework.security.web.ObservationFilterChainDecorator$VirtualFilterChain.doFilter(ObservationFilterChainDecorator.java:137)
	at org.springframework.security.web.servletapi.SecurityContextHolderAwareRequestFilter.doFilter(SecurityContextHolderAwareRequestFilter.java:179)
	at org.springframework.security.web.ObservationFilterChainDecorator$ObservationFilter.wrapFilter(ObservationFilterChainDecorator.java:240)
	at org.springframework.security.web.ObservationFilterChainDecorator$ObservationFilter.doFilter(ObservationFilterChainDecorator.java:227)
	at org.springframework.security.web.ObservationFilterChainDecorator$VirtualFilterChain.doFilter(ObservationFilterChainDecorator.java:137)
	at org.springframework.security.web.savedrequest.RequestCacheAwareFilter.doFilter(RequestCacheAwareFilter.java:63)
	at org.springframework.security.web.ObservationFilterChainDecorator$ObservationFilter.wrapFilter(ObservationFilterChainDecorator.java:240)
	at org.springframework.security.web.ObservationFilterChainDecorator$ObservationFilter.doFilter(ObservationFilterChainDecorator.java:227)
	at org.springframework.security.web.ObservationFilterChainDecorator$VirtualFilterChain.doFilter(ObservationFilterChainDecorator.java:137)
	at org.springframework.security.web.authentication.www.BasicAuthenticationFilter.doFilterInternal(BasicAuthenticationFilter.java:181)
	at org.springframework.web.filter.OncePerRequestFilter.doFilter(OncePerRequestFilter.java:116)
	at org.springframework.security.web.ObservationFilterChainDecorator$ObservationFilter.wrapFilter(ObservationFilterChainDecorator.java:240)
	at org.springframework.security.web.ObservationFilterChainDecorator$ObservationFilter.doFilter(ObservationFilterChainDecorator.java:227)
	at org.springframework.security.web.ObservationFilterChainDecorator$VirtualFilterChain.doFilter(ObservationFilterChainDecorator.java:137)
	at com.notes_api_service.security.JwtFilter.doFilterInternal(JwtFilter.java:55)
	at org.springframework.web.filter.OncePerRequestFilter.doFilter(OncePerRequestFilter.java:116)
	at org.springframework.security.web.ObservationFilterChainDecorator$ObservationFilter.wrapFilter(ObservationFilterChainDecorator.java:240)
	at org.springframework.security.web.ObservationFilterChainDecorator$ObservationFilter.doFilter(ObservationFilterChainDecorator.java:227)
	at org.springframework.security.web.ObservationFilterChainDecorator$VirtualFilterChain.doFilter(ObservationFilterChainDecorator.java:137)
	at org.springframework.security.web.authentication.logout.LogoutFilter.doFilter(LogoutFilter.java:107)
	at org.springframework.security.web.authentication.logout.LogoutFilter.doFilter(LogoutFilter.java:93)
	at org.springframework.security.web.ObservationFilterChainDecorator$ObservationFilter.wrapFilter(ObservationFilterChainDecorator.java:240)
	at org.springframework.security.web.ObservationFilterChainDecorator$ObservationFilter.doFilter(ObservationFilterChainDecorator.java:227)
	at org.springframework.security.web.ObservationFilterChainDecorator$VirtualFilterChain.doFilter(ObservationFilterChainDecorator.java:137)
	at org.springframework.security.web.header.HeaderWriterFilter.doHeadersAfter(HeaderWriterFilter.java:90)
	at org.springframework.security.web.header.HeaderWriterFilter.doFilterInternal(HeaderWriterFilter.java:75)
	at org.springframework.web.filter.OncePerRequestFilter.doFilter(OncePerRequestFilter.java:116)
	at org.springframework.security.web.ObservationFilterChainDecorator$ObservationFilter.wrapFilter(ObservationFilterChainDecorator.java:240)
	at org.springframework.security.web.ObservationFilterChainDecorator$ObservationFilter.doFilter(ObservationFilterChainDecorator.java:227)
	at org.springframework.security.web.ObservationFilterChainDecorator$VirtualFilterChain.doFilter(ObservationFilterChainDecorator.java:137)
	at org.springframework.security.web.context.SecurityContextHolderFilter.doFilter(SecurityContextHolderFilter.java:82)
	at org.springframework.security.web.context.SecurityContextHolderFilter.doFilter(SecurityContextHolderFilter.java:69)
	at org.springframework.security.web.ObservationFilterChainDecorator$ObservationFilter.wrapFilter(ObservationFilterChainDecorator.java:240)
	at org.springframework.security.web.ObservationFilterChainDecorator$ObservationFilter.doFilter(ObservationFilterChainDecorator.java:227)
	at org.springframework.security.web.ObservationFilterChainDecorator$VirtualFilterChain.doFilter(ObservationFilterChainDecorator.java:137)
	at org.springframework.security.web.context.request.async.WebAsyncManagerIntegrationFilter.doFilterInternal(WebAsyncManagerIntegrationFilter.java:62)
	at org.springframework.web.filter.OncePerRequestFilter.doFilter(OncePerRequestFilter.java:116)
	at org.springframework.security.web.ObservationFilterChainDecorator$ObservationFilter.wrapFilter(ObservationFilterChainDecorator.java:240)
	at org.springframework.security.web.ObservationFilterChainDecorator$ObservationFilter.doFilter(ObservationFilterChainDecorator.java:227)
	at org.springframework.security.web.ObservationFilterChainDecorator$VirtualFilterChain.doFilter(ObservationFilterChainDecorator.java:137)
	at org.springframework.security.web.session.DisableEncodeUrlFilter.doFilterInternal(DisableEncodeUrlFilter.java:42)
	at org.springframework.web.filter.OncePerRequestFilter.doFilter(OncePerRequestFilter.java:116)
	at org.springframework.security.web.ObservationFilterChainDecorator$ObservationFilter.wrapFilter(ObservationFilterChainDecorator.java:240)
	at org.springframework.security.web.ObservationFilterChainDecorator$AroundFilterObservation$SimpleAroundFilterObservation.lambda$wrap$0(ObservationFilterChainDecorator.java:323)
	at org.springframework.security.web.ObservationFilterChainDecorator$ObservationFilter.doFilter(ObservationFilterChainDecorator.java:224)
	at org.springframework.security.web.ObservationFilterChainDecorator$VirtualFilterChain.doFilter(ObservationFilterChainDecorator.java:137)
	at org.springframework.security.web.FilterChainProxy.doFilterInternal(FilterChainProxy.java:233)
	at org.springframework.security.web.FilterChainProxy.doFilter(FilterChainProxy.java:191)
	at org.springframework.web.filter.CompositeFilter$VirtualFilterChain.doFilter(CompositeFilter.java:113)
	at org.springframework.web.servlet.handler.HandlerMappingIntrospector.lambda$createCacheFilter$3(HandlerMappingIntrospector.java:195)
	at org.springframework.web.filter.CompositeFilter$VirtualFilterChain.doFilter(CompositeFilter.java:113)
	at org.springframework.web.filter.CompositeFilter.doFilter(CompositeFilter.java:74)
	at org.springframework.security.config.annotation.web.configuration.WebMvcSecurityConfiguration$CompositeFilterChainProxy.doFilter(WebMvcSecurityConfiguration.java:230)
	at org.springframework.web.filter.DelegatingFilterProxy.invokeDelegate(DelegatingFilterProxy.java:362)
	at org.springframework.web.filter.DelegatingFilterProxy.doFilter(DelegatingFilterProxy.java:278)
	at org.apache.catalina.core.ApplicationFilterChain.internalDoFilter(ApplicationFilterChain.java:164)
	at org.apache.catalina.core.ApplicationFilterChain.doFilter(ApplicationFilterChain.java:140)
	at org.springframework.web.filter.RequestContextFilter.doFilterInternal(RequestContextFilter.java:100)
	at org.springframework.web.filter.OncePerRequestFilter.doFilter(OncePerRequestFilter.java:116)
	at org.apache.catalina.core.ApplicationFilterChain.internalDoFilter(ApplicationFilterChain.java:164)
	at org.apache.catalina.core.ApplicationFilterChain.doFilter(ApplicationFilterChain.java:140)
	at org.springframework.web.filter.FormContentFilter.doFilterInternal(FormContentFilter.java:93)
	at org.springframework.web.filter.OncePerRequestFilter.doFilter(OncePerRequestFilter.java:116)
	at org.apache.catalina.core.ApplicationFilterChain.internalDoFilter(ApplicationFilterChain.java:164)
	at org.apache.catalina.core.ApplicationFilterChain.doFilter(ApplicationFilterChain.java:140)
	at org.springframework.web.filter.ServerHttpObservationFilter.doFilterInternal(ServerHttpObservationFilter.java:113)
	at org.springframework.web.filter.OncePerRequestFilter.doFilter(OncePerRequestFilter.java:116)
	at org.apache.catalina.core.ApplicationFilterChain.internalDoFilter(ApplicationFilterChain.java:164)
	at org.apache.catalina.core.ApplicationFilterChain.doFilter(ApplicationFilterChain.java:140)
	at org.springframework.web.filter.CharacterEncodingFilter.doFilterInternal(CharacterEncodingFilter.java:201)
	at org.springframework.web.filter.OncePerRequestFilter.doFilter(OncePerRequestFilter.java:116)
	at org.apache.catalina.core.ApplicationFilterChain.internalDoFilter(ApplicationFilterChain.java:164)
	at org.apache.catalina.core.ApplicationFilterChain.doFilter(ApplicationFilterChain.java:140)
	at org.apache.catalina.core.StandardWrapperValve.invoke(StandardWrapperValve.java:167)
	at org.apache.catalina.core.StandardContextValve.invoke(StandardContextValve.java:90)
	at org.apache.catalina.authenticator.AuthenticatorBase.invoke(AuthenticatorBase.java:483)
	at org.apache.catalina.core.StandardHostValve.invoke(StandardHostValve.java:115)
	at org.apache.catalina.valves.ErrorReportValve.invoke(ErrorReportValve.java:93)
	at org.apache.catalina.core.StandardEngineValve.invoke(StandardEngineValve.java:74)
	at org.apache.catalina.connector.CoyoteAdapter.service(CoyoteAdapter.java:344)
	at org.apache.coyote.http11.Http11Processor.service(Http11Processor.java:384)
	at org.apache.coyote.AbstractProcessorLight.process(AbstractProcessorLight.java:63)
	at org.apache.coyote.AbstractProtocol$ConnectionHandler.process(AbstractProtocol.java:905)
	at org.apache.tomcat.util.net.NioEndpoint$SocketProcessor.doRun(NioEndpoint.java:1741)
	at org.apache.tomcat.util.net.SocketProcessorBase.run(SocketProcessorBase.java:52)
	at org.apache.tomcat.util.threads.ThreadPoolExecutor.runWorker(ThreadPoolExecutor.java:1190)
	at org.apache.tomcat.util.threads.ThreadPoolExecutor$Worker.run(ThreadPoolExecutor.java:659)
	at org.apache.tomcat.util.threads.TaskThread$WrappingRunnable.run(TaskThread.java:63)
	at java.base/java.lang.Thread.run(Thread.java:1583)
2025-05-28 06:03:27 ERROR [http-nio-8080-exec-3] c.n.exception.GlobalExceptionHandler - GlobalExceptionHandler :: handleBadCredentialsException() :: Bad credentials
2025-05-28 06:03:27 WARN  [http-nio-8080-exec-3] o.s.w.s.m.m.a.ExceptionHandlerExceptionResolver - Resolved [org.springframework.security.authentication.BadCredentialsException: Bad credentials]
2025-05-28 06:04:15 INFO  [SpringApplicationShutdownHook] o.s.o.j.LocalContainerEntityManagerFactoryBean - Closing JPA EntityManagerFactory for persistence unit 'default'
2025-05-28 06:04:15 INFO  [SpringApplicationShutdownHook] com.zaxxer.hikari.HikariDataSource - HikariPool-1 - Shutdown initiated...
2025-05-28 06:04:15 INFO  [SpringApplicationShutdownHook] com.zaxxer.hikari.HikariDataSource - HikariPool-1 - Shutdown completed.
2025-05-28 06:04:20 INFO  [background-preinit] o.h.validator.internal.util.Version - HV000001: Hibernate Validator 8.0.1.Final
2025-05-28 06:04:20 INFO  [restartedMain] c.n.NotesApiServiceApplication - Starting NotesApiServiceApplication using Java 21.0.4 with PID 10928 (E:\Personal Project(Spring)\ENote Project\Notes Api Service\target\classes started by golam.kibria in E:\Personal Project(Spring)\ENote Project\Notes Api Service)
2025-05-28 06:04:20 INFO  [restartedMain] c.n.NotesApiServiceApplication - The following 1 profile is active: "dev"
2025-05-28 06:04:20 INFO  [restartedMain] o.s.b.d.e.DevToolsPropertyDefaultsPostProcessor - Devtools property defaults active! Set 'spring.devtools.add-properties' to 'false' to disable
2025-05-28 06:04:20 INFO  [restartedMain] o.s.b.d.e.DevToolsPropertyDefaultsPostProcessor - For additional web related logging consider setting the 'logging.level.web' property to 'DEBUG'
2025-05-28 06:04:21 INFO  [restartedMain] o.s.d.r.c.RepositoryConfigurationDelegate - Bootstrapping Spring Data JPA repositories in DEFAULT mode.
2025-05-28 06:04:21 INFO  [restartedMain] o.s.d.r.c.RepositoryConfigurationDelegate - Finished Spring Data repository scanning in 39 ms. Found 7 JPA repository interfaces.
2025-05-28 06:04:22 INFO  [restartedMain] o.s.b.w.e.tomcat.TomcatWebServer - Tomcat initialized with port 8080 (http)
2025-05-28 06:04:22 INFO  [restartedMain] o.a.coyote.http11.Http11NioProtocol - Initializing ProtocolHandler ["http-nio-8080"]
2025-05-28 06:04:22 INFO  [restartedMain] o.a.catalina.core.StandardService - Starting service [Tomcat]
2025-05-28 06:04:22 INFO  [restartedMain] o.a.catalina.core.StandardEngine - Starting Servlet engine: [Apache Tomcat/10.1.31]
2025-05-28 06:04:22 INFO  [restartedMain] o.a.c.c.C.[Tomcat].[localhost].[/] - Initializing Spring embedded WebApplicationContext
2025-05-28 06:04:22 INFO  [restartedMain] o.s.b.w.s.c.ServletWebServerApplicationContext - Root WebApplicationContext: initialization completed in 1956 ms
2025-05-28 06:04:23 INFO  [restartedMain] o.h.jpa.internal.util.LogHelper - HHH000204: Processing PersistenceUnitInfo [name: default]
2025-05-28 06:04:23 INFO  [restartedMain] org.hibernate.Version - HHH000412: Hibernate ORM core version 6.5.3.Final
2025-05-28 06:04:23 INFO  [restartedMain] o.h.c.i.RegionFactoryInitiator - HHH000026: Second-level cache disabled
2025-05-28 06:04:23 INFO  [restartedMain] o.s.o.j.p.SpringPersistenceUnitInfo - No LoadTimeWeaver setup: ignoring JPA class transformer
2025-05-28 06:04:23 INFO  [restartedMain] com.zaxxer.hikari.HikariDataSource - HikariPool-1 - Starting...
2025-05-28 06:04:23 INFO  [restartedMain] com.zaxxer.hikari.pool.HikariPool - HikariPool-1 - Added connection com.mysql.cj.jdbc.ConnectionImpl@56dcbd69
2025-05-28 06:04:23 INFO  [restartedMain] com.zaxxer.hikari.HikariDataSource - HikariPool-1 - Start completed.
2025-05-28 06:04:24 INFO  [restartedMain] o.h.e.t.j.p.i.JtaPlatformInitiator - HHH000489: No JTA platform available (set 'hibernate.transaction.jta.platform' to enable JTA platform integration)
2025-05-28 06:04:24 INFO  [restartedMain] o.s.o.j.LocalContainerEntityManagerFactoryBean - Initialized JPA EntityManagerFactory for persistence unit 'default'
2025-05-28 06:04:25 INFO  [restartedMain] o.s.d.j.r.query.QueryEnhancerFactory - Hibernate is in classpath; If applicable, HQL parser will be used.
2025-05-28 06:04:26 INFO  [restartedMain] o.s.s.c.a.a.c.InitializeAuthenticationProviderBeanManagerConfigurer$InitializeAuthenticationProviderManagerConfigurer - Global AuthenticationManager configured with AuthenticationProvider bean with name authenticationProvider
2025-05-28 06:04:26 WARN  [restartedMain] o.s.s.c.a.a.c.InitializeUserDetailsBeanManagerConfigurer$InitializeUserDetailsManagerConfigurer - Global AuthenticationManager configured with an AuthenticationProvider bean. UserDetailsService beans will not be used for username/password login. Consider removing the AuthenticationProvider bean. Alternatively, consider using the UserDetailsService in a manually instantiated DaoAuthenticationProvider.
2025-05-28 06:04:27 WARN  [restartedMain] o.s.b.a.o.j.JpaBaseConfiguration$JpaWebConfiguration - spring.jpa.open-in-view is enabled by default. Therefore, database queries may be performed during view rendering. Explicitly configure spring.jpa.open-in-view to disable this warning
2025-05-28 06:04:28 INFO  [restartedMain] o.s.b.a.e.web.EndpointLinksResolver - Exposing 15 endpoints beneath base path '/actuator'
2025-05-28 06:04:30 INFO  [restartedMain] o.s.b.d.a.OptionalLiveReloadServer - LiveReload server is running on port 35729
2025-05-28 06:04:30 INFO  [restartedMain] o.a.coyote.http11.Http11NioProtocol - Starting ProtocolHandler ["http-nio-8080"]
2025-05-28 06:04:30 INFO  [restartedMain] o.s.b.w.e.tomcat.TomcatWebServer - Tomcat started on port 8080 (http) with context path '/'
2025-05-28 06:04:30 INFO  [restartedMain] c.n.NotesApiServiceApplication - Started NotesApiServiceApplication in 9.895 seconds (process running for 10.767)
2025-05-28 06:04:30 INFO  [RMI TCP Connection(1)-192.168.1.4] o.a.c.c.C.[Tomcat].[localhost].[/] - Initializing Spring DispatcherServlet 'dispatcherServlet'
2025-05-28 06:04:30 INFO  [RMI TCP Connection(1)-192.168.1.4] o.s.web.servlet.DispatcherServlet - Initializing Servlet 'dispatcherServlet'
2025-05-28 06:04:30 INFO  [RMI TCP Connection(1)-192.168.1.4] o.s.web.servlet.DispatcherServlet - Completed initialization in 7 ms
2025-05-28 06:04:37 INFO  [http-nio-8080-exec-2] c.n.aspect.LoggingAspect - Calling :: AuthController  :: loginUser()
2025-05-28 06:04:37 INFO  [http-nio-8080-exec-2] c.n.controller.AuthController - AuthController :: loginUser :: Execution start
2025-05-28 06:04:37 INFO  [http-nio-8080-exec-2] c.n.aspect.LoggingAspect - End calling :: AuthController  :: loginUser()
2025-05-28 06:04:37 ERROR [http-nio-8080-exec-2] c.n.exception.GlobalExceptionHandler - GlobalExceptionHandler :: handleBadCredentialsException() :: Bad credentials
2025-05-28 06:04:37 WARN  [http-nio-8080-exec-2] o.s.w.s.m.m.a.ExceptionHandlerExceptionResolver - Resolved [org.springframework.security.authentication.BadCredentialsException: Bad credentials]
2025-05-28 06:05:35 INFO  [http-nio-8080-exec-4] c.n.aspect.LoggingAspect - Calling :: AuthController  :: loginUser()
2025-05-28 06:05:35 INFO  [http-nio-8080-exec-4] c.n.controller.AuthController - AuthController :: loginUser :: Execution start
2025-05-28 06:05:35 INFO  [http-nio-8080-exec-4] c.n.controller.AuthController - AuthController :: loginUser :: Execution end
2025-05-28 06:05:35 INFO  [http-nio-8080-exec-4] c.n.aspect.LoggingAspect - End calling :: AuthController  :: loginUser()
2025-05-28 06:05:35 INFO  [http-nio-8080-exec-4] c.n.aspect.LoggingAspect - Execution time :: AuthController :: 220 ms
2025-05-28 06:06:46 INFO  [File Watcher] o.s.b.d.a.LocalDevToolsAutoConfiguration$RestartingClassPathChangeChangedEventListener - Restarting due to 1 class path change (0 additions, 1 deletion, 0 modifications)
2025-05-28 06:06:46 INFO  [Thread-5] o.a.coyote.http11.Http11NioProtocol - Stopping ProtocolHandler ["http-nio-8080"]
2025-05-28 06:06:46 INFO  [Thread-5] o.s.o.j.LocalContainerEntityManagerFactoryBean - Closing JPA EntityManagerFactory for persistence unit 'default'
2025-05-28 06:06:46 INFO  [Thread-5] com.zaxxer.hikari.HikariDataSource - HikariPool-1 - Shutdown initiated...
2025-05-28 06:06:46 INFO  [Thread-5] com.zaxxer.hikari.HikariDataSource - HikariPool-1 - Shutdown completed.
2025-05-28 06:06:46 INFO  [restartedMain] c.n.NotesApiServiceApplication - Starting NotesApiServiceApplication using Java 21.0.4 with PID 10928 (E:\Personal Project(Spring)\ENote Project\Notes Api Service\target\classes started by golam.kibria in E:\Personal Project(Spring)\ENote Project\Notes Api Service)
2025-05-28 06:06:46 INFO  [restartedMain] c.n.NotesApiServiceApplication - The following 1 profile is active: "dev"
2025-05-28 06:06:47 INFO  [restartedMain] o.s.d.r.c.RepositoryConfigurationDelegate - Bootstrapping Spring Data JPA repositories in DEFAULT mode.
2025-05-28 06:06:47 INFO  [restartedMain] o.s.d.r.c.RepositoryConfigurationDelegate - Finished Spring Data repository scanning in 23 ms. Found 7 JPA repository interfaces.
2025-05-28 06:06:47 INFO  [restartedMain] o.s.b.w.e.tomcat.TomcatWebServer - Tomcat initialized with port 8080 (http)
2025-05-28 06:06:47 INFO  [restartedMain] o.a.coyote.http11.Http11NioProtocol - Initializing ProtocolHandler ["http-nio-8080"]
2025-05-28 06:06:47 INFO  [restartedMain] o.a.catalina.core.StandardService - Starting service [Tomcat]
2025-05-28 06:06:47 INFO  [restartedMain] o.a.catalina.core.StandardEngine - Starting Servlet engine: [Apache Tomcat/10.1.31]
2025-05-28 06:06:47 INFO  [restartedMain] o.a.c.c.C.[Tomcat].[localhost].[/] - Initializing Spring embedded WebApplicationContext
2025-05-28 06:06:47 INFO  [restartedMain] o.s.b.w.s.c.ServletWebServerApplicationContext - Root WebApplicationContext: initialization completed in 870 ms
2025-05-28 06:06:47 INFO  [restartedMain] o.h.jpa.internal.util.LogHelper - HHH000204: Processing PersistenceUnitInfo [name: default]
2025-05-28 06:06:47 INFO  [restartedMain] o.h.c.i.RegionFactoryInitiator - HHH000026: Second-level cache disabled
2025-05-28 06:06:47 INFO  [restartedMain] o.s.o.j.p.SpringPersistenceUnitInfo - No LoadTimeWeaver setup: ignoring JPA class transformer
2025-05-28 06:06:47 INFO  [restartedMain] com.zaxxer.hikari.HikariDataSource - HikariPool-2 - Starting...
2025-05-28 06:06:48 INFO  [restartedMain] com.zaxxer.hikari.pool.HikariPool - HikariPool-2 - Added connection com.mysql.cj.jdbc.ConnectionImpl@2e9729b4
2025-05-28 06:06:48 INFO  [restartedMain] com.zaxxer.hikari.HikariDataSource - HikariPool-2 - Start completed.
2025-05-28 06:06:48 INFO  [restartedMain] o.h.e.t.j.p.i.JtaPlatformInitiator - HHH000489: No JTA platform available (set 'hibernate.transaction.jta.platform' to enable JTA platform integration)
2025-05-28 06:06:48 INFO  [restartedMain] o.s.o.j.LocalContainerEntityManagerFactoryBean - Initialized JPA EntityManagerFactory for persistence unit 'default'
2025-05-28 06:06:48 INFO  [restartedMain] o.s.s.c.a.a.c.InitializeAuthenticationProviderBeanManagerConfigurer$InitializeAuthenticationProviderManagerConfigurer - Global AuthenticationManager configured with AuthenticationProvider bean with name authenticationProvider
2025-05-28 06:06:48 WARN  [restartedMain] o.s.s.c.a.a.c.InitializeUserDetailsBeanManagerConfigurer$InitializeUserDetailsManagerConfigurer - Global AuthenticationManager configured with an AuthenticationProvider bean. UserDetailsService beans will not be used for username/password login. Consider removing the AuthenticationProvider bean. Alternatively, consider using the UserDetailsService in a manually instantiated DaoAuthenticationProvider.
2025-05-28 06:06:49 WARN  [restartedMain] o.s.b.a.o.j.JpaBaseConfiguration$JpaWebConfiguration - spring.jpa.open-in-view is enabled by default. Therefore, database queries may be performed during view rendering. Explicitly configure spring.jpa.open-in-view to disable this warning
2025-05-28 06:06:49 INFO  [restartedMain] o.s.b.a.e.web.EndpointLinksResolver - Exposing 15 endpoints beneath base path '/actuator'
2025-05-28 06:06:50 INFO  [restartedMain] o.s.b.d.a.OptionalLiveReloadServer - LiveReload server is running on port 35729
2025-05-28 06:06:50 INFO  [restartedMain] o.a.coyote.http11.Http11NioProtocol - Starting ProtocolHandler ["http-nio-8080"]
2025-05-28 06:06:50 INFO  [restartedMain] o.s.b.w.e.tomcat.TomcatWebServer - Tomcat started on port 8080 (http) with context path '/'
2025-05-28 06:06:50 INFO  [restartedMain] c.n.NotesApiServiceApplication - Started NotesApiServiceApplication in 3.507 seconds (process running for 150.815)
2025-05-28 06:06:50 INFO  [restartedMain] o.s.b.d.a.ConditionEvaluationDeltaLoggingListener - Condition evaluation unchanged
2025-05-28 06:06:51 INFO  [File Watcher] o.s.b.d.a.LocalDevToolsAutoConfiguration$RestartingClassPathChangeChangedEventListener - Restarting due to 1 class path change (1 addition, 0 deletions, 0 modifications)
2025-05-28 06:06:51 INFO  [Thread-7] o.a.coyote.http11.Http11NioProtocol - Stopping ProtocolHandler ["http-nio-8080"]
2025-05-28 06:06:51 INFO  [Thread-7] o.s.o.j.LocalContainerEntityManagerFactoryBean - Closing JPA EntityManagerFactory for persistence unit 'default'
2025-05-28 06:06:51 INFO  [Thread-7] com.zaxxer.hikari.HikariDataSource - HikariPool-2 - Shutdown initiated...
2025-05-28 06:06:51 INFO  [Thread-7] com.zaxxer.hikari.HikariDataSource - HikariPool-2 - Shutdown completed.
2025-05-28 06:06:51 INFO  [restartedMain] c.n.NotesApiServiceApplication - Starting NotesApiServiceApplication using Java 21.0.4 with PID 10928 (E:\Personal Project(Spring)\ENote Project\Notes Api Service\target\classes started by golam.kibria in E:\Personal Project(Spring)\ENote Project\Notes Api Service)
2025-05-28 06:06:51 INFO  [restartedMain] c.n.NotesApiServiceApplication - The following 1 profile is active: "dev"
2025-05-28 06:06:52 INFO  [restartedMain] o.s.d.r.c.RepositoryConfigurationDelegate - Bootstrapping Spring Data JPA repositories in DEFAULT mode.
2025-05-28 06:06:52 INFO  [restartedMain] o.s.d.r.c.RepositoryConfigurationDelegate - Finished Spring Data repository scanning in 27 ms. Found 7 JPA repository interfaces.
2025-05-28 06:06:52 INFO  [restartedMain] o.s.b.w.e.tomcat.TomcatWebServer - Tomcat initialized with port 8080 (http)
2025-05-28 06:06:52 INFO  [restartedMain] o.a.coyote.http11.Http11NioProtocol - Initializing ProtocolHandler ["http-nio-8080"]
2025-05-28 06:06:52 INFO  [restartedMain] o.a.catalina.core.StandardService - Starting service [Tomcat]
2025-05-28 06:06:52 INFO  [restartedMain] o.a.catalina.core.StandardEngine - Starting Servlet engine: [Apache Tomcat/10.1.31]
2025-05-28 06:06:52 INFO  [restartedMain] o.a.c.c.C.[Tomcat].[localhost].[/] - Initializing Spring embedded WebApplicationContext
2025-05-28 06:06:52 INFO  [restartedMain] o.s.b.w.s.c.ServletWebServerApplicationContext - Root WebApplicationContext: initialization completed in 783 ms
2025-05-28 06:06:52 INFO  [restartedMain] o.h.jpa.internal.util.LogHelper - HHH000204: Processing PersistenceUnitInfo [name: default]
2025-05-28 06:06:52 INFO  [restartedMain] o.h.c.i.RegionFactoryInitiator - HHH000026: Second-level cache disabled
2025-05-28 06:06:52 INFO  [restartedMain] o.s.o.j.p.SpringPersistenceUnitInfo - No LoadTimeWeaver setup: ignoring JPA class transformer
2025-05-28 06:06:52 INFO  [restartedMain] com.zaxxer.hikari.HikariDataSource - HikariPool-3 - Starting...
2025-05-28 06:06:52 INFO  [restartedMain] com.zaxxer.hikari.pool.HikariPool - HikariPool-3 - Added connection com.mysql.cj.jdbc.ConnectionImpl@7506761c
2025-05-28 06:06:52 INFO  [restartedMain] com.zaxxer.hikari.HikariDataSource - HikariPool-3 - Start completed.
2025-05-28 06:06:53 INFO  [restartedMain] o.h.e.t.j.p.i.JtaPlatformInitiator - HHH000489: No JTA platform available (set 'hibernate.transaction.jta.platform' to enable JTA platform integration)
2025-05-28 06:06:53 INFO  [restartedMain] o.s.o.j.LocalContainerEntityManagerFactoryBean - Initialized JPA EntityManagerFactory for persistence unit 'default'
2025-05-28 06:06:53 INFO  [restartedMain] o.s.s.c.a.a.c.InitializeAuthenticationProviderBeanManagerConfigurer$InitializeAuthenticationProviderManagerConfigurer - Global AuthenticationManager configured with AuthenticationProvider bean with name authenticationProvider
2025-05-28 06:06:53 WARN  [restartedMain] o.s.s.c.a.a.c.InitializeUserDetailsBeanManagerConfigurer$InitializeUserDetailsManagerConfigurer - Global AuthenticationManager configured with an AuthenticationProvider bean. UserDetailsService beans will not be used for username/password login. Consider removing the AuthenticationProvider bean. Alternatively, consider using the UserDetailsService in a manually instantiated DaoAuthenticationProvider.
2025-05-28 06:06:54 WARN  [restartedMain] o.s.b.a.o.j.JpaBaseConfiguration$JpaWebConfiguration - spring.jpa.open-in-view is enabled by default. Therefore, database queries may be performed during view rendering. Explicitly configure spring.jpa.open-in-view to disable this warning
2025-05-28 06:06:54 INFO  [restartedMain] o.s.b.a.e.web.EndpointLinksResolver - Exposing 15 endpoints beneath base path '/actuator'
2025-05-28 06:06:55 INFO  [restartedMain] o.s.b.d.a.OptionalLiveReloadServer - LiveReload server is running on port 35729
2025-05-28 06:06:55 INFO  [restartedMain] o.a.coyote.http11.Http11NioProtocol - Starting ProtocolHandler ["http-nio-8080"]
2025-05-28 06:06:55 INFO  [restartedMain] o.s.b.w.e.tomcat.TomcatWebServer - Tomcat started on port 8080 (http) with context path '/'
2025-05-28 06:06:55 INFO  [restartedMain] c.n.NotesApiServiceApplication - Started NotesApiServiceApplication in 3.509 seconds (process running for 155.825)
2025-05-28 06:06:55 INFO  [restartedMain] o.s.b.d.a.ConditionEvaluationDeltaLoggingListener - Condition evaluation unchanged
2025-05-28 06:07:04 INFO  [http-nio-8080-exec-10] o.a.c.c.C.[Tomcat].[localhost].[/] - Initializing Spring DispatcherServlet 'dispatcherServlet'
2025-05-28 06:07:04 INFO  [http-nio-8080-exec-10] o.s.web.servlet.DispatcherServlet - Initializing Servlet 'dispatcherServlet'
2025-05-28 06:07:04 INFO  [http-nio-8080-exec-10] o.s.web.servlet.DispatcherServlet - Completed initialization in 1 ms
2025-05-28 06:07:04 INFO  [http-nio-8080-exec-10] c.n.aspect.LoggingAspect - Calling :: AuthController  :: loginUser()
2025-05-28 06:07:04 INFO  [http-nio-8080-exec-10] c.n.controller.AuthController - AuthController :: loginUser :: Execution start
2025-05-28 06:07:04 INFO  [http-nio-8080-exec-10] c.n.controller.AuthController - AuthController :: loginUser :: Execution end
2025-05-28 06:07:04 INFO  [http-nio-8080-exec-10] c.n.aspect.LoggingAspect - End calling :: AuthController  :: loginUser()
2025-05-28 06:07:04 INFO  [http-nio-8080-exec-10] c.n.aspect.LoggingAspect - Execution time :: loginUser():: 189 ms
2025-05-28 06:07:23 INFO  [http-nio-8080-exec-3] c.n.aspect.LoggingAspect - Calling :: AuthController  :: loginUser()
2025-05-28 06:07:23 INFO  [http-nio-8080-exec-3] c.n.controller.AuthController - AuthController :: loginUser :: Execution start
2025-05-28 06:07:23 INFO  [http-nio-8080-exec-3] c.n.aspect.LoggingAspect - End calling :: AuthController  :: loginUser()
2025-05-28 06:07:23 ERROR [http-nio-8080-exec-3] c.n.exception.GlobalExceptionHandler - GlobalExceptionHandler :: handleBadCredentialsException() :: Bad credentials
2025-05-28 06:07:23 WARN  [http-nio-8080-exec-3] o.s.w.s.m.m.a.ExceptionHandlerExceptionResolver - Resolved [org.springframework.security.authentication.BadCredentialsException: Bad credentials]
2025-05-28 06:08:21 INFO  [File Watcher] o.s.b.d.a.LocalDevToolsAutoConfiguration$RestartingClassPathChangeChangedEventListener - Restarting due to 1 class path change (0 additions, 0 deletions, 1 modification)
2025-05-28 06:08:21 INFO  [Thread-11] o.a.coyote.http11.Http11NioProtocol - Stopping ProtocolHandler ["http-nio-8080"]
2025-05-28 06:08:21 INFO  [Thread-11] o.s.o.j.LocalContainerEntityManagerFactoryBean - Closing JPA EntityManagerFactory for persistence unit 'default'
2025-05-28 06:08:21 INFO  [Thread-11] com.zaxxer.hikari.HikariDataSource - HikariPool-3 - Shutdown initiated...
2025-05-28 06:08:21 INFO  [Thread-11] com.zaxxer.hikari.HikariDataSource - HikariPool-3 - Shutdown completed.
2025-05-28 06:08:21 INFO  [restartedMain] c.n.NotesApiServiceApplication - Starting NotesApiServiceApplication using Java 21.0.4 with PID 10928 (E:\Personal Project(Spring)\ENote Project\Notes Api Service\target\classes started by golam.kibria in E:\Personal Project(Spring)\ENote Project\Notes Api Service)
2025-05-28 06:08:21 INFO  [restartedMain] c.n.NotesApiServiceApplication - The following 1 profile is active: "dev"
2025-05-28 06:08:21 INFO  [restartedMain] o.s.d.r.c.RepositoryConfigurationDelegate - Bootstrapping Spring Data JPA repositories in DEFAULT mode.
2025-05-28 06:08:21 INFO  [restartedMain] o.s.d.r.c.RepositoryConfigurationDelegate - Finished Spring Data repository scanning in 22 ms. Found 7 JPA repository interfaces.
2025-05-28 06:08:21 INFO  [restartedMain] o.s.b.w.e.tomcat.TomcatWebServer - Tomcat initialized with port 8080 (http)
2025-05-28 06:08:21 INFO  [restartedMain] o.a.coyote.http11.Http11NioProtocol - Initializing ProtocolHandler ["http-nio-8080"]
2025-05-28 06:08:21 INFO  [restartedMain] o.a.catalina.core.StandardService - Starting service [Tomcat]
2025-05-28 06:08:21 INFO  [restartedMain] o.a.catalina.core.StandardEngine - Starting Servlet engine: [Apache Tomcat/10.1.31]
2025-05-28 06:08:21 INFO  [restartedMain] o.a.c.c.C.[Tomcat].[localhost].[/] - Initializing Spring embedded WebApplicationContext
2025-05-28 06:08:21 INFO  [restartedMain] o.s.b.w.s.c.ServletWebServerApplicationContext - Root WebApplicationContext: initialization completed in 584 ms
2025-05-28 06:08:21 INFO  [restartedMain] o.h.jpa.internal.util.LogHelper - HHH000204: Processing PersistenceUnitInfo [name: default]
2025-05-28 06:08:21 INFO  [restartedMain] o.h.c.i.RegionFactoryInitiator - HHH000026: Second-level cache disabled
2025-05-28 06:08:21 INFO  [restartedMain] o.s.o.j.p.SpringPersistenceUnitInfo - No LoadTimeWeaver setup: ignoring JPA class transformer
2025-05-28 06:08:21 INFO  [restartedMain] com.zaxxer.hikari.HikariDataSource - HikariPool-4 - Starting...
2025-05-28 06:08:21 INFO  [restartedMain] com.zaxxer.hikari.pool.HikariPool - HikariPool-4 - Added connection com.mysql.cj.jdbc.ConnectionImpl@d31e20a
2025-05-28 06:08:21 INFO  [restartedMain] com.zaxxer.hikari.HikariDataSource - HikariPool-4 - Start completed.
2025-05-28 06:08:22 INFO  [restartedMain] o.h.e.t.j.p.i.JtaPlatformInitiator - HHH000489: No JTA platform available (set 'hibernate.transaction.jta.platform' to enable JTA platform integration)
2025-05-28 06:08:22 INFO  [restartedMain] o.s.o.j.LocalContainerEntityManagerFactoryBean - Initialized JPA EntityManagerFactory for persistence unit 'default'
2025-05-28 06:08:22 INFO  [restartedMain] o.s.s.c.a.a.c.InitializeAuthenticationProviderBeanManagerConfigurer$InitializeAuthenticationProviderManagerConfigurer - Global AuthenticationManager configured with AuthenticationProvider bean with name authenticationProvider
2025-05-28 06:08:22 WARN  [restartedMain] o.s.s.c.a.a.c.InitializeUserDetailsBeanManagerConfigurer$InitializeUserDetailsManagerConfigurer - Global AuthenticationManager configured with an AuthenticationProvider bean. UserDetailsService beans will not be used for username/password login. Consider removing the AuthenticationProvider bean. Alternatively, consider using the UserDetailsService in a manually instantiated DaoAuthenticationProvider.
2025-05-28 06:08:22 WARN  [restartedMain] o.s.b.a.o.j.JpaBaseConfiguration$JpaWebConfiguration - spring.jpa.open-in-view is enabled by default. Therefore, database queries may be performed during view rendering. Explicitly configure spring.jpa.open-in-view to disable this warning
2025-05-28 06:08:23 INFO  [restartedMain] o.s.b.a.e.web.EndpointLinksResolver - Exposing 15 endpoints beneath base path '/actuator'
2025-05-28 06:08:23 INFO  [restartedMain] o.s.b.d.a.OptionalLiveReloadServer - LiveReload server is running on port 35729
2025-05-28 06:08:23 INFO  [restartedMain] o.a.coyote.http11.Http11NioProtocol - Starting ProtocolHandler ["http-nio-8080"]
2025-05-28 06:08:23 INFO  [restartedMain] o.s.b.w.e.tomcat.TomcatWebServer - Tomcat started on port 8080 (http) with context path '/'
2025-05-28 06:08:23 INFO  [restartedMain] c.n.NotesApiServiceApplication - Started NotesApiServiceApplication in 2.595 seconds (process running for 244.266)
2025-05-28 06:08:23 INFO  [restartedMain] o.s.b.d.a.ConditionEvaluationDeltaLoggingListener - Condition evaluation unchanged
2025-05-28 06:08:31 INFO  [http-nio-8080-exec-3] o.a.c.c.C.[Tomcat].[localhost].[/] - Initializing Spring DispatcherServlet 'dispatcherServlet'
2025-05-28 06:08:31 INFO  [http-nio-8080-exec-3] o.s.web.servlet.DispatcherServlet - Initializing Servlet 'dispatcherServlet'
2025-05-28 06:08:31 INFO  [http-nio-8080-exec-3] o.s.web.servlet.DispatcherServlet - Completed initialization in 1 ms
2025-05-28 06:08:31 INFO  [http-nio-8080-exec-3] c.n.aspect.LoggingAspect - Calling :: AuthController  :: loginUser()
2025-05-28 06:08:31 INFO  [http-nio-8080-exec-3] c.n.controller.AuthController - AuthController :: loginUser :: Execution start
2025-05-28 06:08:31 INFO  [http-nio-8080-exec-3] c.n.aspect.LoggingAspect - End calling :: AuthController  :: loginUser()
2025-05-28 06:08:31 ERROR [http-nio-8080-exec-3] c.n.exception.GlobalExceptionHandler - GlobalExceptionHandler :: handleBadCredentialsException() :: Bad credentials
2025-05-28 06:08:31 WARN  [http-nio-8080-exec-3] o.s.w.s.m.m.a.ExceptionHandlerExceptionResolver - Resolved [org.springframework.security.authentication.BadCredentialsException: Bad credentials]
2025-05-28 06:09:04 INFO  [File Watcher] o.s.b.d.a.LocalDevToolsAutoConfiguration$RestartingClassPathChangeChangedEventListener - Restarting due to 1 class path change (0 additions, 0 deletions, 1 modification)
2025-05-28 06:09:04 INFO  [Thread-15] o.a.coyote.http11.Http11NioProtocol - Stopping ProtocolHandler ["http-nio-8080"]
2025-05-28 06:09:04 INFO  [Thread-15] o.s.o.j.LocalContainerEntityManagerFactoryBean - Closing JPA EntityManagerFactory for persistence unit 'default'
2025-05-28 06:09:04 INFO  [Thread-15] com.zaxxer.hikari.HikariDataSource - HikariPool-4 - Shutdown initiated...
2025-05-28 06:09:04 INFO  [Thread-15] com.zaxxer.hikari.HikariDataSource - HikariPool-4 - Shutdown completed.
2025-05-28 06:09:04 INFO  [restartedMain] c.n.NotesApiServiceApplication - Starting NotesApiServiceApplication using Java 21.0.4 with PID 10928 (E:\Personal Project(Spring)\ENote Project\Notes Api Service\target\classes started by golam.kibria in E:\Personal Project(Spring)\ENote Project\Notes Api Service)
2025-05-28 06:09:04 INFO  [restartedMain] c.n.NotesApiServiceApplication - The following 1 profile is active: "dev"
2025-05-28 06:09:04 INFO  [restartedMain] o.s.d.r.c.RepositoryConfigurationDelegate - Bootstrapping Spring Data JPA repositories in DEFAULT mode.
2025-05-28 06:09:04 INFO  [restartedMain] o.s.d.r.c.RepositoryConfigurationDelegate - Finished Spring Data repository scanning in 21 ms. Found 7 JPA repository interfaces.
2025-05-28 06:09:05 INFO  [restartedMain] o.s.b.w.e.tomcat.TomcatWebServer - Tomcat initialized with port 8080 (http)
2025-05-28 06:09:05 INFO  [restartedMain] o.a.coyote.http11.Http11NioProtocol - Initializing ProtocolHandler ["http-nio-8080"]
2025-05-28 06:09:05 INFO  [restartedMain] o.a.catalina.core.StandardService - Starting service [Tomcat]
2025-05-28 06:09:05 INFO  [restartedMain] o.a.catalina.core.StandardEngine - Starting Servlet engine: [Apache Tomcat/10.1.31]
2025-05-28 06:09:05 INFO  [restartedMain] o.a.c.c.C.[Tomcat].[localhost].[/] - Initializing Spring embedded WebApplicationContext
2025-05-28 06:09:05 INFO  [restartedMain] o.s.b.w.s.c.ServletWebServerApplicationContext - Root WebApplicationContext: initialization completed in 602 ms
2025-05-28 06:09:05 INFO  [restartedMain] o.h.jpa.internal.util.LogHelper - HHH000204: Processing PersistenceUnitInfo [name: default]
2025-05-28 06:09:05 INFO  [restartedMain] o.h.c.i.RegionFactoryInitiator - HHH000026: Second-level cache disabled
2025-05-28 06:09:05 INFO  [restartedMain] o.s.o.j.p.SpringPersistenceUnitInfo - No LoadTimeWeaver setup: ignoring JPA class transformer
2025-05-28 06:09:05 INFO  [restartedMain] com.zaxxer.hikari.HikariDataSource - HikariPool-5 - Starting...
2025-05-28 06:09:05 INFO  [restartedMain] com.zaxxer.hikari.pool.HikariPool - HikariPool-5 - Added connection com.mysql.cj.jdbc.ConnectionImpl@2071043
2025-05-28 06:09:05 INFO  [restartedMain] com.zaxxer.hikari.HikariDataSource - HikariPool-5 - Start completed.
2025-05-28 06:09:05 INFO  [restartedMain] o.h.e.t.j.p.i.JtaPlatformInitiator - HHH000489: No JTA platform available (set 'hibernate.transaction.jta.platform' to enable JTA platform integration)
2025-05-28 06:09:05 INFO  [restartedMain] o.s.o.j.LocalContainerEntityManagerFactoryBean - Initialized JPA EntityManagerFactory for persistence unit 'default'
2025-05-28 06:09:05 INFO  [restartedMain] o.s.s.c.a.a.c.InitializeAuthenticationProviderBeanManagerConfigurer$InitializeAuthenticationProviderManagerConfigurer - Global AuthenticationManager configured with AuthenticationProvider bean with name authenticationProvider
2025-05-28 06:09:05 WARN  [restartedMain] o.s.s.c.a.a.c.InitializeUserDetailsBeanManagerConfigurer$InitializeUserDetailsManagerConfigurer - Global AuthenticationManager configured with an AuthenticationProvider bean. UserDetailsService beans will not be used for username/password login. Consider removing the AuthenticationProvider bean. Alternatively, consider using the UserDetailsService in a manually instantiated DaoAuthenticationProvider.
2025-05-28 06:09:06 WARN  [restartedMain] o.s.b.a.o.j.JpaBaseConfiguration$JpaWebConfiguration - spring.jpa.open-in-view is enabled by default. Therefore, database queries may be performed during view rendering. Explicitly configure spring.jpa.open-in-view to disable this warning
2025-05-28 06:09:06 INFO  [restartedMain] o.s.b.a.e.web.EndpointLinksResolver - Exposing 15 endpoints beneath base path '/actuator'
2025-05-28 06:09:07 INFO  [restartedMain] o.s.b.d.a.OptionalLiveReloadServer - LiveReload server is running on port 35729
2025-05-28 06:09:07 INFO  [restartedMain] o.a.coyote.http11.Http11NioProtocol - Starting ProtocolHandler ["http-nio-8080"]
2025-05-28 06:09:07 INFO  [restartedMain] o.s.b.w.e.tomcat.TomcatWebServer - Tomcat started on port 8080 (http) with context path '/'
2025-05-28 06:09:07 INFO  [restartedMain] c.n.NotesApiServiceApplication - Started NotesApiServiceApplication in 2.574 seconds (process running for 287.615)
2025-05-28 06:09:07 INFO  [restartedMain] o.s.b.d.a.ConditionEvaluationDeltaLoggingListener - Condition evaluation unchanged
2025-05-28 06:09:09 INFO  [http-nio-8080-exec-2] o.a.c.c.C.[Tomcat].[localhost].[/] - Initializing Spring DispatcherServlet 'dispatcherServlet'
2025-05-28 06:09:09 INFO  [http-nio-8080-exec-2] o.s.web.servlet.DispatcherServlet - Initializing Servlet 'dispatcherServlet'
2025-05-28 06:09:09 INFO  [http-nio-8080-exec-2] o.s.web.servlet.DispatcherServlet - Completed initialization in 2 ms
2025-05-28 06:09:09 INFO  [http-nio-8080-exec-2] c.n.aspect.LoggingAspect - Calling :: AuthController  :: loginUser()
2025-05-28 06:09:09 INFO  [http-nio-8080-exec-2] c.n.controller.AuthController - AuthController :: loginUser :: Execution start
2025-05-28 06:09:09 INFO  [http-nio-8080-exec-2] c.n.aspect.LoggingAspect - End calling :: AuthController  :: loginUser()
2025-05-28 06:09:09 ERROR [http-nio-8080-exec-2] c.n.exception.GlobalExceptionHandler - GlobalExceptionHandler :: handleException() :: Bad credentials
2025-05-28 06:09:09 WARN  [http-nio-8080-exec-2] o.s.w.s.m.m.a.ExceptionHandlerExceptionResolver - Resolved [org.springframework.security.authentication.BadCredentialsException: Bad credentials]
2025-05-28 06:09:33 INFO  [http-nio-8080-exec-3] c.n.aspect.LoggingAspect - Calling :: AuthController  :: loginUser()
2025-05-28 06:09:33 INFO  [http-nio-8080-exec-3] c.n.controller.AuthController - AuthController :: loginUser :: Execution start
2025-05-28 06:09:33 INFO  [File Watcher] o.s.b.d.a.LocalDevToolsAutoConfiguration$RestartingClassPathChangeChangedEventListener - Restarting due to 1 class path change (0 additions, 1 deletion, 0 modifications)
2025-05-28 06:09:33 INFO  [Thread-19] o.a.coyote.http11.Http11NioProtocol - Stopping ProtocolHandler ["http-nio-8080"]
2025-05-28 06:09:33 INFO  [http-nio-8080-exec-3] c.n.aspect.LoggingAspect - End calling :: AuthController  :: loginUser()
2025-05-28 06:09:33 ERROR [http-nio-8080-exec-3] c.n.exception.GlobalExceptionHandler - GlobalExceptionHandler :: handleException() :: Bad credentials
2025-05-28 06:09:33 WARN  [http-nio-8080-exec-3] o.s.w.s.m.m.a.ExceptionHandlerExceptionResolver - Resolved [org.springframework.security.authentication.BadCredentialsException: Bad credentials]
2025-05-28 06:09:33 INFO  [Thread-19] o.s.o.j.LocalContainerEntityManagerFactoryBean - Closing JPA EntityManagerFactory for persistence unit 'default'
2025-05-28 06:09:33 INFO  [Thread-19] com.zaxxer.hikari.HikariDataSource - HikariPool-5 - Shutdown initiated...
2025-05-28 06:09:33 INFO  [Thread-19] com.zaxxer.hikari.HikariDataSource - HikariPool-5 - Shutdown completed.
2025-05-28 06:09:33 INFO  [restartedMain] c.n.NotesApiServiceApplication - Starting NotesApiServiceApplication using Java 21.0.4 with PID 10928 (E:\Personal Project(Spring)\ENote Project\Notes Api Service\target\classes started by golam.kibria in E:\Personal Project(Spring)\ENote Project\Notes Api Service)
2025-05-28 06:09:33 INFO  [restartedMain] c.n.NotesApiServiceApplication - The following 1 profile is active: "dev"
2025-05-28 06:09:33 INFO  [restartedMain] o.s.d.r.c.RepositoryConfigurationDelegate - Bootstrapping Spring Data JPA repositories in DEFAULT mode.
2025-05-28 06:09:33 INFO  [restartedMain] o.s.d.r.c.RepositoryConfigurationDelegate - Finished Spring Data repository scanning in 23 ms. Found 7 JPA repository interfaces.
2025-05-28 06:09:34 INFO  [restartedMain] o.s.b.w.e.tomcat.TomcatWebServer - Tomcat initialized with port 8080 (http)
2025-05-28 06:09:34 INFO  [restartedMain] o.a.coyote.http11.Http11NioProtocol - Initializing ProtocolHandler ["http-nio-8080"]
2025-05-28 06:09:34 INFO  [restartedMain] o.a.catalina.core.StandardService - Starting service [Tomcat]
2025-05-28 06:09:34 INFO  [restartedMain] o.a.catalina.core.StandardEngine - Starting Servlet engine: [Apache Tomcat/10.1.31]
2025-05-28 06:09:34 INFO  [restartedMain] o.a.c.c.C.[Tomcat].[localhost].[/] - Initializing Spring embedded WebApplicationContext
2025-05-28 06:09:34 INFO  [restartedMain] o.s.b.w.s.c.ServletWebServerApplicationContext - Root WebApplicationContext: initialization completed in 754 ms
2025-05-28 06:09:34 INFO  [restartedMain] o.h.jpa.internal.util.LogHelper - HHH000204: Processing PersistenceUnitInfo [name: default]
2025-05-28 06:09:34 INFO  [restartedMain] o.h.c.i.RegionFactoryInitiator - HHH000026: Second-level cache disabled
2025-05-28 06:09:34 INFO  [restartedMain] o.s.o.j.p.SpringPersistenceUnitInfo - No LoadTimeWeaver setup: ignoring JPA class transformer
2025-05-28 06:09:34 INFO  [restartedMain] com.zaxxer.hikari.HikariDataSource - HikariPool-6 - Starting...
2025-05-28 06:09:34 INFO  [restartedMain] com.zaxxer.hikari.pool.HikariPool - HikariPool-6 - Added connection com.mysql.cj.jdbc.ConnectionImpl@7a286302
2025-05-28 06:09:34 INFO  [restartedMain] com.zaxxer.hikari.HikariDataSource - HikariPool-6 - Start completed.
2025-05-28 06:09:34 INFO  [restartedMain] o.h.e.t.j.p.i.JtaPlatformInitiator - HHH000489: No JTA platform available (set 'hibernate.transaction.jta.platform' to enable JTA platform integration)
2025-05-28 06:09:34 INFO  [restartedMain] o.s.o.j.LocalContainerEntityManagerFactoryBean - Initialized JPA EntityManagerFactory for persistence unit 'default'
2025-05-28 06:09:34 INFO  [restartedMain] o.s.s.c.a.a.c.InitializeAuthenticationProviderBeanManagerConfigurer$InitializeAuthenticationProviderManagerConfigurer - Global AuthenticationManager configured with AuthenticationProvider bean with name authenticationProvider
2025-05-28 06:09:34 WARN  [restartedMain] o.s.s.c.a.a.c.InitializeUserDetailsBeanManagerConfigurer$InitializeUserDetailsManagerConfigurer - Global AuthenticationManager configured with an AuthenticationProvider bean. UserDetailsService beans will not be used for username/password login. Consider removing the AuthenticationProvider bean. Alternatively, consider using the UserDetailsService in a manually instantiated DaoAuthenticationProvider.
2025-05-28 06:09:35 WARN  [restartedMain] o.s.b.a.o.j.JpaBaseConfiguration$JpaWebConfiguration - spring.jpa.open-in-view is enabled by default. Therefore, database queries may be performed during view rendering. Explicitly configure spring.jpa.open-in-view to disable this warning
2025-05-28 06:09:35 INFO  [restartedMain] o.s.b.a.e.web.EndpointLinksResolver - Exposing 15 endpoints beneath base path '/actuator'
2025-05-28 06:09:36 INFO  [restartedMain] o.s.b.d.a.OptionalLiveReloadServer - LiveReload server is running on port 35729
2025-05-28 06:09:36 INFO  [restartedMain] o.a.coyote.http11.Http11NioProtocol - Starting ProtocolHandler ["http-nio-8080"]
2025-05-28 06:09:36 INFO  [restartedMain] o.s.b.w.e.tomcat.TomcatWebServer - Tomcat started on port 8080 (http) with context path '/'
2025-05-28 06:09:36 INFO  [restartedMain] c.n.NotesApiServiceApplication - Started NotesApiServiceApplication in 3.022 seconds (process running for 316.885)
2025-05-28 06:09:36 INFO  [restartedMain] o.s.b.d.a.ConditionEvaluationDeltaLoggingListener - Condition evaluation unchanged
2025-05-28 06:09:37 INFO  [File Watcher] o.s.b.d.a.LocalDevToolsAutoConfiguration$RestartingClassPathChangeChangedEventListener - Restarting due to 1 class path change (1 addition, 0 deletions, 0 modifications)
2025-05-28 06:09:37 INFO  [Thread-23] o.a.coyote.http11.Http11NioProtocol - Stopping ProtocolHandler ["http-nio-8080"]
2025-05-28 06:09:37 INFO  [Thread-23] o.s.o.j.LocalContainerEntityManagerFactoryBean - Closing JPA EntityManagerFactory for persistence unit 'default'
2025-05-28 06:09:37 INFO  [Thread-23] com.zaxxer.hikari.HikariDataSource - HikariPool-6 - Shutdown initiated...
2025-05-28 06:09:37 INFO  [Thread-23] com.zaxxer.hikari.HikariDataSource - HikariPool-6 - Shutdown completed.
2025-05-28 06:09:37 INFO  [restartedMain] c.n.NotesApiServiceApplication - Starting NotesApiServiceApplication using Java 21.0.4 with PID 10928 (E:\Personal Project(Spring)\ENote Project\Notes Api Service\target\classes started by golam.kibria in E:\Personal Project(Spring)\ENote Project\Notes Api Service)
2025-05-28 06:09:37 INFO  [restartedMain] c.n.NotesApiServiceApplication - The following 1 profile is active: "dev"
2025-05-28 06:09:38 INFO  [restartedMain] o.s.d.r.c.RepositoryConfigurationDelegate - Bootstrapping Spring Data JPA repositories in DEFAULT mode.
2025-05-28 06:09:38 INFO  [restartedMain] o.s.d.r.c.RepositoryConfigurationDelegate - Finished Spring Data repository scanning in 24 ms. Found 7 JPA repository interfaces.
2025-05-28 06:09:38 INFO  [restartedMain] o.s.b.w.e.tomcat.TomcatWebServer - Tomcat initialized with port 8080 (http)
2025-05-28 06:09:38 INFO  [restartedMain] o.a.coyote.http11.Http11NioProtocol - Initializing ProtocolHandler ["http-nio-8080"]
2025-05-28 06:09:38 INFO  [restartedMain] o.a.catalina.core.StandardService - Starting service [Tomcat]
2025-05-28 06:09:38 INFO  [restartedMain] o.a.catalina.core.StandardEngine - Starting Servlet engine: [Apache Tomcat/10.1.31]
2025-05-28 06:09:38 INFO  [restartedMain] o.a.c.c.C.[Tomcat].[localhost].[/] - Initializing Spring embedded WebApplicationContext
2025-05-28 06:09:38 INFO  [restartedMain] o.s.b.w.s.c.ServletWebServerApplicationContext - Root WebApplicationContext: initialization completed in 741 ms
2025-05-28 06:09:38 INFO  [restartedMain] o.h.jpa.internal.util.LogHelper - HHH000204: Processing PersistenceUnitInfo [name: default]
2025-05-28 06:09:38 INFO  [restartedMain] o.h.c.i.RegionFactoryInitiator - HHH000026: Second-level cache disabled
2025-05-28 06:09:38 INFO  [restartedMain] o.s.o.j.p.SpringPersistenceUnitInfo - No LoadTimeWeaver setup: ignoring JPA class transformer
2025-05-28 06:09:38 INFO  [restartedMain] com.zaxxer.hikari.HikariDataSource - HikariPool-7 - Starting...
2025-05-28 06:09:38 INFO  [restartedMain] com.zaxxer.hikari.pool.HikariPool - HikariPool-7 - Added connection com.mysql.cj.jdbc.ConnectionImpl@f0f167c
2025-05-28 06:09:38 INFO  [restartedMain] com.zaxxer.hikari.HikariDataSource - HikariPool-7 - Start completed.
2025-05-28 06:09:39 INFO  [restartedMain] o.h.e.t.j.p.i.JtaPlatformInitiator - HHH000489: No JTA platform available (set 'hibernate.transaction.jta.platform' to enable JTA platform integration)
2025-05-28 06:09:39 INFO  [restartedMain] o.s.o.j.LocalContainerEntityManagerFactoryBean - Initialized JPA EntityManagerFactory for persistence unit 'default'
2025-05-28 06:09:39 INFO  [restartedMain] o.s.s.c.a.a.c.InitializeAuthenticationProviderBeanManagerConfigurer$InitializeAuthenticationProviderManagerConfigurer - Global AuthenticationManager configured with AuthenticationProvider bean with name authenticationProvider
2025-05-28 06:09:39 WARN  [restartedMain] o.s.s.c.a.a.c.InitializeUserDetailsBeanManagerConfigurer$InitializeUserDetailsManagerConfigurer - Global AuthenticationManager configured with an AuthenticationProvider bean. UserDetailsService beans will not be used for username/password login. Consider removing the AuthenticationProvider bean. Alternatively, consider using the UserDetailsService in a manually instantiated DaoAuthenticationProvider.
2025-05-28 06:09:40 WARN  [restartedMain] o.s.b.a.o.j.JpaBaseConfiguration$JpaWebConfiguration - spring.jpa.open-in-view is enabled by default. Therefore, database queries may be performed during view rendering. Explicitly configure spring.jpa.open-in-view to disable this warning
2025-05-28 06:09:40 INFO  [restartedMain] o.s.b.a.e.web.EndpointLinksResolver - Exposing 15 endpoints beneath base path '/actuator'
2025-05-28 06:09:41 INFO  [restartedMain] o.s.b.d.a.OptionalLiveReloadServer - LiveReload server is running on port 35729
2025-05-28 06:09:41 INFO  [restartedMain] o.a.coyote.http11.Http11NioProtocol - Starting ProtocolHandler ["http-nio-8080"]
2025-05-28 06:09:42 INFO  [restartedMain] o.s.b.w.e.tomcat.TomcatWebServer - Tomcat started on port 8080 (http) with context path '/'
2025-05-28 06:09:42 INFO  [restartedMain] c.n.NotesApiServiceApplication - Started NotesApiServiceApplication in 4.148 seconds (process running for 322.528)
2025-05-28 06:09:42 INFO  [restartedMain] o.s.b.d.a.ConditionEvaluationDeltaLoggingListener - Condition evaluation unchanged
2025-05-28 06:09:45 INFO  [http-nio-8080-exec-7] o.a.c.c.C.[Tomcat].[localhost].[/] - Initializing Spring DispatcherServlet 'dispatcherServlet'
2025-05-28 06:09:45 INFO  [http-nio-8080-exec-7] o.s.web.servlet.DispatcherServlet - Initializing Servlet 'dispatcherServlet'
2025-05-28 06:09:45 INFO  [http-nio-8080-exec-7] o.s.web.servlet.DispatcherServlet - Completed initialization in 4 ms
2025-05-28 06:09:45 INFO  [http-nio-8080-exec-7] c.n.aspect.LoggingAspect - Calling :: AuthController  :: loginUser()
2025-05-28 06:09:45 INFO  [http-nio-8080-exec-7] c.n.controller.AuthController - AuthController :: loginUser :: Execution start
2025-05-28 06:09:45 INFO  [http-nio-8080-exec-7] c.n.aspect.LoggingAspect - End calling :: AuthController  :: loginUser()
2025-05-28 06:09:45 ERROR [http-nio-8080-exec-7] c.n.exception.GlobalExceptionHandler - GlobalExceptionHandler :: handleBadCredentialsException() :: Bad credentials
2025-05-28 06:09:45 WARN  [http-nio-8080-exec-7] o.s.w.s.m.m.a.ExceptionHandlerExceptionResolver - Resolved [org.springframework.security.authentication.BadCredentialsException: Bad credentials]
2025-05-28 06:10:04 INFO  [File Watcher] o.s.b.d.a.LocalDevToolsAutoConfiguration$RestartingClassPathChangeChangedEventListener - Restarting due to 1 class path change (0 additions, 0 deletions, 1 modification)
2025-05-28 06:10:04 INFO  [Thread-27] o.a.coyote.http11.Http11NioProtocol - Stopping ProtocolHandler ["http-nio-8080"]
2025-05-28 06:10:04 INFO  [Thread-27] o.s.o.j.LocalContainerEntityManagerFactoryBean - Closing JPA EntityManagerFactory for persistence unit 'default'
2025-05-28 06:10:04 INFO  [Thread-27] com.zaxxer.hikari.HikariDataSource - HikariPool-7 - Shutdown initiated...
2025-05-28 06:10:04 INFO  [Thread-27] com.zaxxer.hikari.HikariDataSource - HikariPool-7 - Shutdown completed.
2025-05-28 06:10:04 INFO  [restartedMain] c.n.NotesApiServiceApplication - Starting NotesApiServiceApplication using Java 21.0.4 with PID 10928 (E:\Personal Project(Spring)\ENote Project\Notes Api Service\target\classes started by golam.kibria in E:\Personal Project(Spring)\ENote Project\Notes Api Service)
2025-05-28 06:10:04 INFO  [restartedMain] c.n.NotesApiServiceApplication - The following 1 profile is active: "dev"
2025-05-28 06:10:04 INFO  [restartedMain] o.s.d.r.c.RepositoryConfigurationDelegate - Bootstrapping Spring Data JPA repositories in DEFAULT mode.
2025-05-28 06:10:04 INFO  [restartedMain] o.s.d.r.c.RepositoryConfigurationDelegate - Finished Spring Data repository scanning in 23 ms. Found 7 JPA repository interfaces.
2025-05-28 06:10:05 INFO  [restartedMain] o.s.b.w.e.tomcat.TomcatWebServer - Tomcat initialized with port 8080 (http)
2025-05-28 06:10:05 INFO  [restartedMain] o.a.coyote.http11.Http11NioProtocol - Initializing ProtocolHandler ["http-nio-8080"]
2025-05-28 06:10:05 INFO  [restartedMain] o.a.catalina.core.StandardService - Starting service [Tomcat]
2025-05-28 06:10:05 INFO  [restartedMain] o.a.catalina.core.StandardEngine - Starting Servlet engine: [Apache Tomcat/10.1.31]
2025-05-28 06:10:05 INFO  [restartedMain] o.a.c.c.C.[Tomcat].[localhost].[/] - Initializing Spring embedded WebApplicationContext
2025-05-28 06:10:05 INFO  [restartedMain] o.s.b.w.s.c.ServletWebServerApplicationContext - Root WebApplicationContext: initialization completed in 716 ms
2025-05-28 06:10:05 INFO  [restartedMain] o.h.jpa.internal.util.LogHelper - HHH000204: Processing PersistenceUnitInfo [name: default]
2025-05-28 06:10:05 INFO  [restartedMain] o.h.c.i.RegionFactoryInitiator - HHH000026: Second-level cache disabled
2025-05-28 06:10:05 INFO  [restartedMain] o.s.o.j.p.SpringPersistenceUnitInfo - No LoadTimeWeaver setup: ignoring JPA class transformer
2025-05-28 06:10:05 INFO  [restartedMain] com.zaxxer.hikari.HikariDataSource - HikariPool-8 - Starting...
2025-05-28 06:10:05 INFO  [restartedMain] com.zaxxer.hikari.pool.HikariPool - HikariPool-8 - Added connection com.mysql.cj.jdbc.ConnectionImpl@3e1e405c
2025-05-28 06:10:05 INFO  [restartedMain] com.zaxxer.hikari.HikariDataSource - HikariPool-8 - Start completed.
2025-05-28 06:10:05 INFO  [restartedMain] o.h.e.t.j.p.i.JtaPlatformInitiator - HHH000489: No JTA platform available (set 'hibernate.transaction.jta.platform' to enable JTA platform integration)
2025-05-28 06:10:05 INFO  [restartedMain] o.s.o.j.LocalContainerEntityManagerFactoryBean - Initialized JPA EntityManagerFactory for persistence unit 'default'
2025-05-28 06:10:06 INFO  [restartedMain] o.s.s.c.a.a.c.InitializeAuthenticationProviderBeanManagerConfigurer$InitializeAuthenticationProviderManagerConfigurer - Global AuthenticationManager configured with AuthenticationProvider bean with name authenticationProvider
2025-05-28 06:10:06 WARN  [restartedMain] o.s.s.c.a.a.c.InitializeUserDetailsBeanManagerConfigurer$InitializeUserDetailsManagerConfigurer - Global AuthenticationManager configured with an AuthenticationProvider bean. UserDetailsService beans will not be used for username/password login. Consider removing the AuthenticationProvider bean. Alternatively, consider using the UserDetailsService in a manually instantiated DaoAuthenticationProvider.
2025-05-28 06:10:07 WARN  [restartedMain] o.s.b.a.o.j.JpaBaseConfiguration$JpaWebConfiguration - spring.jpa.open-in-view is enabled by default. Therefore, database queries may be performed during view rendering. Explicitly configure spring.jpa.open-in-view to disable this warning
2025-05-28 06:10:08 INFO  [restartedMain] o.s.b.a.e.web.EndpointLinksResolver - Exposing 15 endpoints beneath base path '/actuator'
2025-05-28 06:10:08 INFO  [restartedMain] o.s.b.d.a.OptionalLiveReloadServer - LiveReload server is running on port 35729
2025-05-28 06:10:09 INFO  [restartedMain] o.a.coyote.http11.Http11NioProtocol - Starting ProtocolHandler ["http-nio-8080"]
2025-05-28 06:10:09 INFO  [restartedMain] o.s.b.w.e.tomcat.TomcatWebServer - Tomcat started on port 8080 (http) with context path '/'
2025-05-28 06:10:09 INFO  [restartedMain] c.n.NotesApiServiceApplication - Started NotesApiServiceApplication in 4.547 seconds (process running for 349.52)
2025-05-28 06:10:09 INFO  [restartedMain] o.s.b.d.a.ConditionEvaluationDeltaLoggingListener - Condition evaluation unchanged
2025-05-28 06:10:10 INFO  [http-nio-8080-exec-1] o.a.c.c.C.[Tomcat].[localhost].[/] - Initializing Spring DispatcherServlet 'dispatcherServlet'
2025-05-28 06:10:10 INFO  [http-nio-8080-exec-1] o.s.web.servlet.DispatcherServlet - Initializing Servlet 'dispatcherServlet'
2025-05-28 06:10:10 INFO  [http-nio-8080-exec-1] o.s.web.servlet.DispatcherServlet - Completed initialization in 2 ms
2025-05-28 06:10:10 INFO  [http-nio-8080-exec-1] c.n.aspect.LoggingAspect - Calling :: AuthController  :: loginUser()
2025-05-28 06:10:10 INFO  [http-nio-8080-exec-1] c.n.controller.AuthController - AuthController :: loginUser :: Execution start
2025-05-28 06:10:11 INFO  [http-nio-8080-exec-1] c.n.aspect.LoggingAspect - End calling :: AuthController  :: loginUser()
2025-05-28 06:10:11 ERROR [http-nio-8080-exec-1] c.n.exception.GlobalExceptionHandler - GlobalExceptionHandler :: handleBadCredentialsException() :: Bad credentials
2025-05-28 06:10:11 WARN  [http-nio-8080-exec-1] o.s.w.s.m.m.a.ExceptionHandlerExceptionResolver - Resolved [org.springframework.security.authentication.BadCredentialsException: Bad credentials]
2025-05-28 06:10:30 INFO  [SpringApplicationShutdownHook] o.s.o.j.LocalContainerEntityManagerFactoryBean - Closing JPA EntityManagerFactory for persistence unit 'default'
2025-05-28 06:10:30 INFO  [SpringApplicationShutdownHook] com.zaxxer.hikari.HikariDataSource - HikariPool-8 - Shutdown initiated...
2025-05-28 06:10:30 INFO  [SpringApplicationShutdownHook] com.zaxxer.hikari.HikariDataSource - HikariPool-8 - Shutdown completed.
2025-05-28 06:12:12 INFO  [background-preinit] o.h.validator.internal.util.Version - HV000001: Hibernate Validator 8.0.1.Final
2025-05-28 06:12:12 INFO  [restartedMain] c.n.NotesApiServiceApplication - Starting NotesApiServiceApplication using Java 21.0.4 with PID 18424 (E:\Personal Project(Spring)\ENote Project\Notes Api Service\target\classes started by golam.kibria in E:\Personal Project(Spring)\ENote Project\Notes Api Service)
2025-05-28 06:12:12 INFO  [restartedMain] c.n.NotesApiServiceApplication - The following 1 profile is active: "dev"
2025-05-28 06:12:12 INFO  [restartedMain] o.s.b.d.e.DevToolsPropertyDefaultsPostProcessor - Devtools property defaults active! Set 'spring.devtools.add-properties' to 'false' to disable
2025-05-28 06:12:12 INFO  [restartedMain] o.s.b.d.e.DevToolsPropertyDefaultsPostProcessor - For additional web related logging consider setting the 'logging.level.web' property to 'DEBUG'
2025-05-28 06:12:13 INFO  [restartedMain] o.s.d.r.c.RepositoryConfigurationDelegate - Bootstrapping Spring Data JPA repositories in DEFAULT mode.
2025-05-28 06:12:13 INFO  [restartedMain] o.s.d.r.c.RepositoryConfigurationDelegate - Finished Spring Data repository scanning in 39 ms. Found 7 JPA repository interfaces.
2025-05-28 06:12:14 INFO  [restartedMain] o.s.b.w.e.tomcat.TomcatWebServer - Tomcat initialized with port 8080 (http)
2025-05-28 06:12:14 INFO  [restartedMain] o.a.coyote.http11.Http11NioProtocol - Initializing ProtocolHandler ["http-nio-8080"]
2025-05-28 06:12:14 INFO  [restartedMain] o.a.catalina.core.StandardService - Starting service [Tomcat]
2025-05-28 06:12:14 INFO  [restartedMain] o.a.catalina.core.StandardEngine - Starting Servlet engine: [Apache Tomcat/10.1.31]
2025-05-28 06:12:14 INFO  [restartedMain] o.a.c.c.C.[Tomcat].[localhost].[/] - Initializing Spring embedded WebApplicationContext
2025-05-28 06:12:14 INFO  [restartedMain] o.s.b.w.s.c.ServletWebServerApplicationContext - Root WebApplicationContext: initialization completed in 1910 ms
2025-05-28 06:12:15 INFO  [restartedMain] o.h.jpa.internal.util.LogHelper - HHH000204: Processing PersistenceUnitInfo [name: default]
2025-05-28 06:12:15 INFO  [restartedMain] org.hibernate.Version - HHH000412: Hibernate ORM core version 6.5.3.Final
2025-05-28 06:12:15 INFO  [restartedMain] o.h.c.i.RegionFactoryInitiator - HHH000026: Second-level cache disabled
2025-05-28 06:12:15 INFO  [restartedMain] o.s.o.j.p.SpringPersistenceUnitInfo - No LoadTimeWeaver setup: ignoring JPA class transformer
2025-05-28 06:12:15 INFO  [restartedMain] com.zaxxer.hikari.HikariDataSource - HikariPool-1 - Starting...
2025-05-28 06:12:15 INFO  [restartedMain] com.zaxxer.hikari.pool.HikariPool - HikariPool-1 - Added connection com.mysql.cj.jdbc.ConnectionImpl@c571343
2025-05-28 06:12:15 INFO  [restartedMain] com.zaxxer.hikari.HikariDataSource - HikariPool-1 - Start completed.
2025-05-28 06:12:17 INFO  [restartedMain] o.h.e.t.j.p.i.JtaPlatformInitiator - HHH000489: No JTA platform available (set 'hibernate.transaction.jta.platform' to enable JTA platform integration)
2025-05-28 06:12:17 INFO  [restartedMain] o.s.o.j.LocalContainerEntityManagerFactoryBean - Initialized JPA EntityManagerFactory for persistence unit 'default'
2025-05-28 06:12:17 INFO  [restartedMain] o.s.d.j.r.query.QueryEnhancerFactory - Hibernate is in classpath; If applicable, HQL parser will be used.
2025-05-28 06:12:18 INFO  [restartedMain] o.s.s.c.a.a.c.InitializeAuthenticationProviderBeanManagerConfigurer$InitializeAuthenticationProviderManagerConfigurer - Global AuthenticationManager configured with AuthenticationProvider bean with name authenticationProvider
2025-05-28 06:12:18 WARN  [restartedMain] o.s.s.c.a.a.c.InitializeUserDetailsBeanManagerConfigurer$InitializeUserDetailsManagerConfigurer - Global AuthenticationManager configured with an AuthenticationProvider bean. UserDetailsService beans will not be used for username/password login. Consider removing the AuthenticationProvider bean. Alternatively, consider using the UserDetailsService in a manually instantiated DaoAuthenticationProvider.
2025-05-28 06:12:19 WARN  [restartedMain] o.s.b.a.o.j.JpaBaseConfiguration$JpaWebConfiguration - spring.jpa.open-in-view is enabled by default. Therefore, database queries may be performed during view rendering. Explicitly configure spring.jpa.open-in-view to disable this warning
2025-05-28 06:12:21 INFO  [restartedMain] o.s.b.a.e.web.EndpointLinksResolver - Exposing 15 endpoints beneath base path '/actuator'
2025-05-28 06:12:22 INFO  [restartedMain] o.s.b.d.a.OptionalLiveReloadServer - LiveReload server is running on port 35729
2025-05-28 06:12:22 INFO  [restartedMain] o.a.coyote.http11.Http11NioProtocol - Starting ProtocolHandler ["http-nio-8080"]
2025-05-28 06:12:22 INFO  [restartedMain] o.s.b.w.e.tomcat.TomcatWebServer - Tomcat started on port 8080 (http) with context path '/'
2025-05-28 06:12:22 INFO  [restartedMain] c.n.NotesApiServiceApplication - Started NotesApiServiceApplication in 10.254 seconds (process running for 11.12)
2025-05-28 06:12:23 INFO  [RMI TCP Connection(3)-192.168.1.4] o.a.c.c.C.[Tomcat].[localhost].[/] - Initializing Spring DispatcherServlet 'dispatcherServlet'
2025-05-28 06:12:23 INFO  [RMI TCP Connection(3)-192.168.1.4] o.s.web.servlet.DispatcherServlet - Initializing Servlet 'dispatcherServlet'
2025-05-28 06:12:23 INFO  [RMI TCP Connection(3)-192.168.1.4] o.s.web.servlet.DispatcherServlet - Completed initialization in 3 ms
2025-05-28 06:12:34 INFO  [http-nio-8080-exec-2] c.n.aspect.LoggingAspect - Calling :: AuthController  :: loginUser()
2025-05-28 06:12:34 INFO  [http-nio-8080-exec-2] c.n.controller.AuthController - AuthController :: loginUser :: Execution start
2025-05-28 06:12:34 INFO  [http-nio-8080-exec-2] c.n.aspect.LoggingAspect - End calling :: AuthController  :: loginUser()
2025-05-28 06:12:34 ERROR [http-nio-8080-exec-2] c.n.exception.GlobalExceptionHandler - GlobalExceptionHandler :: handleBadCredentialsException() :: Bad credentials
2025-05-28 06:12:34 WARN  [http-nio-8080-exec-2] o.s.w.s.m.m.a.ExceptionHandlerExceptionResolver - Resolved [org.springframework.security.authentication.BadCredentialsException: Bad credentials]
2025-05-28 06:12:50 INFO  [http-nio-8080-exec-4] c.n.aspect.LoggingAspect - Calling :: AuthController  :: loginUser()
2025-05-28 06:12:50 INFO  [http-nio-8080-exec-4] c.n.controller.AuthController - AuthController :: loginUser :: Execution start
2025-05-28 06:12:50 INFO  [http-nio-8080-exec-4] c.n.controller.AuthController - AuthController :: loginUser :: Execution end
2025-05-28 06:12:50 INFO  [http-nio-8080-exec-4] c.n.aspect.LoggingAspect - After return Calling :: AuthController  :: loginUser()
2025-05-28 06:12:50 INFO  [http-nio-8080-exec-4] c.n.aspect.LoggingAspect - End calling :: AuthController  :: loginUser()
2025-05-28 06:12:50 INFO  [http-nio-8080-exec-4] c.n.aspect.LoggingAspect - Execution time :: loginUser():: 204 ms
2025-05-28 06:14:18 INFO  [File Watcher] o.s.b.d.a.LocalDevToolsAutoConfiguration$RestartingClassPathChangeChangedEventListener - Restarting due to 1 class path change (0 additions, 1 deletion, 0 modifications)
2025-05-28 06:14:18 INFO  [Thread-5] o.a.coyote.http11.Http11NioProtocol - Stopping ProtocolHandler ["http-nio-8080"]
2025-05-28 06:14:18 INFO  [Thread-5] o.s.o.j.LocalContainerEntityManagerFactoryBean - Closing JPA EntityManagerFactory for persistence unit 'default'
2025-05-28 06:14:18 INFO  [Thread-5] com.zaxxer.hikari.HikariDataSource - HikariPool-1 - Shutdown initiated...
2025-05-28 06:14:18 INFO  [Thread-5] com.zaxxer.hikari.HikariDataSource - HikariPool-1 - Shutdown completed.
2025-05-28 06:14:18 INFO  [restartedMain] c.n.NotesApiServiceApplication - Starting NotesApiServiceApplication using Java 21.0.4 with PID 18424 (E:\Personal Project(Spring)\ENote Project\Notes Api Service\target\classes started by golam.kibria in E:\Personal Project(Spring)\ENote Project\Notes Api Service)
2025-05-28 06:14:18 INFO  [restartedMain] c.n.NotesApiServiceApplication - The following 1 profile is active: "dev"
2025-05-28 06:14:19 INFO  [restartedMain] o.s.d.r.c.RepositoryConfigurationDelegate - Bootstrapping Spring Data JPA repositories in DEFAULT mode.
2025-05-28 06:14:19 INFO  [restartedMain] o.s.d.r.c.RepositoryConfigurationDelegate - Finished Spring Data repository scanning in 24 ms. Found 7 JPA repository interfaces.
2025-05-28 06:14:19 INFO  [restartedMain] o.s.b.w.e.tomcat.TomcatWebServer - Tomcat initialized with port 8080 (http)
2025-05-28 06:14:19 INFO  [restartedMain] o.a.coyote.http11.Http11NioProtocol - Initializing ProtocolHandler ["http-nio-8080"]
2025-05-28 06:14:19 INFO  [restartedMain] o.a.catalina.core.StandardService - Starting service [Tomcat]
2025-05-28 06:14:19 INFO  [restartedMain] o.a.catalina.core.StandardEngine - Starting Servlet engine: [Apache Tomcat/10.1.31]
2025-05-28 06:14:19 INFO  [restartedMain] o.a.c.c.C.[Tomcat].[localhost].[/] - Initializing Spring embedded WebApplicationContext
2025-05-28 06:14:19 INFO  [restartedMain] o.s.b.w.s.c.ServletWebServerApplicationContext - Root WebApplicationContext: initialization completed in 945 ms
2025-05-28 06:14:20 INFO  [restartedMain] o.h.jpa.internal.util.LogHelper - HHH000204: Processing PersistenceUnitInfo [name: default]
2025-05-28 06:14:20 INFO  [restartedMain] o.h.c.i.RegionFactoryInitiator - HHH000026: Second-level cache disabled
2025-05-28 06:14:20 INFO  [restartedMain] o.s.o.j.p.SpringPersistenceUnitInfo - No LoadTimeWeaver setup: ignoring JPA class transformer
2025-05-28 06:14:20 INFO  [restartedMain] com.zaxxer.hikari.HikariDataSource - HikariPool-2 - Starting...
2025-05-28 06:14:20 INFO  [restartedMain] com.zaxxer.hikari.pool.HikariPool - HikariPool-2 - Added connection com.mysql.cj.jdbc.ConnectionImpl@7b2a3afd
2025-05-28 06:14:20 INFO  [restartedMain] com.zaxxer.hikari.HikariDataSource - HikariPool-2 - Start completed.
2025-05-28 06:14:20 INFO  [restartedMain] o.h.e.t.j.p.i.JtaPlatformInitiator - HHH000489: No JTA platform available (set 'hibernate.transaction.jta.platform' to enable JTA platform integration)
2025-05-28 06:14:20 INFO  [restartedMain] o.s.o.j.LocalContainerEntityManagerFactoryBean - Initialized JPA EntityManagerFactory for persistence unit 'default'
2025-05-28 06:14:20 INFO  [restartedMain] o.s.s.c.a.a.c.InitializeAuthenticationProviderBeanManagerConfigurer$InitializeAuthenticationProviderManagerConfigurer - Global AuthenticationManager configured with AuthenticationProvider bean with name authenticationProvider
2025-05-28 06:14:20 WARN  [restartedMain] o.s.s.c.a.a.c.InitializeUserDetailsBeanManagerConfigurer$InitializeUserDetailsManagerConfigurer - Global AuthenticationManager configured with an AuthenticationProvider bean. UserDetailsService beans will not be used for username/password login. Consider removing the AuthenticationProvider bean. Alternatively, consider using the UserDetailsService in a manually instantiated DaoAuthenticationProvider.
2025-05-28 06:14:21 WARN  [restartedMain] o.s.b.a.o.j.JpaBaseConfiguration$JpaWebConfiguration - spring.jpa.open-in-view is enabled by default. Therefore, database queries may be performed during view rendering. Explicitly configure spring.jpa.open-in-view to disable this warning
2025-05-28 06:14:21 INFO  [restartedMain] o.s.b.a.e.web.EndpointLinksResolver - Exposing 15 endpoints beneath base path '/actuator'
2025-05-28 06:14:22 INFO  [restartedMain] o.s.b.d.a.OptionalLiveReloadServer - LiveReload server is running on port 35729
2025-05-28 06:14:22 INFO  [restartedMain] o.a.coyote.http11.Http11NioProtocol - Starting ProtocolHandler ["http-nio-8080"]
2025-05-28 06:14:22 INFO  [restartedMain] o.s.b.w.e.tomcat.TomcatWebServer - Tomcat started on port 8080 (http) with context path '/'
2025-05-28 06:14:22 INFO  [restartedMain] c.n.NotesApiServiceApplication - Started NotesApiServiceApplication in 3.859 seconds (process running for 131.091)
2025-05-28 06:14:22 INFO  [restartedMain] o.s.b.d.a.ConditionEvaluationDeltaLoggingListener - Condition evaluation unchanged
2025-05-28 06:14:23 INFO  [http-nio-8080-exec-2] o.a.c.c.C.[Tomcat].[localhost].[/] - Initializing Spring DispatcherServlet 'dispatcherServlet'
2025-05-28 06:14:23 INFO  [http-nio-8080-exec-2] o.s.web.servlet.DispatcherServlet - Initializing Servlet 'dispatcherServlet'
2025-05-28 06:14:23 INFO  [http-nio-8080-exec-2] o.s.web.servlet.DispatcherServlet - Completed initialization in 1 ms
2025-05-28 06:14:23 INFO  [http-nio-8080-exec-2] c.n.aspect.LoggingAspect - Calling :: AuthController  :: loginUser()
2025-05-28 06:14:23 INFO  [http-nio-8080-exec-2] c.n.controller.AuthController - AuthController :: loginUser :: Execution start
2025-05-28 06:14:24 INFO  [http-nio-8080-exec-2] c.n.controller.AuthController - AuthController :: loginUser :: Execution end
2025-05-28 06:14:24 INFO  [File Watcher] o.s.b.d.a.LocalDevToolsAutoConfiguration$RestartingClassPathChangeChangedEventListener - Restarting due to 1 class path change (1 addition, 0 deletions, 0 modifications)
2025-05-28 06:14:24 INFO  [http-nio-8080-exec-2] c.n.aspect.LoggingAspect - After return Calling :: AuthController  :: loginUser()
2025-05-28 06:14:24 INFO  [http-nio-8080-exec-2] c.n.aspect.LoggingAspect - End calling :: AuthController  :: loginUser()
2025-05-28 06:14:24 INFO  [http-nio-8080-exec-2] c.n.aspect.LoggingAspect - Execution time :: loginUser():: 190 ms
2025-05-28 06:14:24 INFO  [Thread-7] o.a.coyote.http11.Http11NioProtocol - Stopping ProtocolHandler ["http-nio-8080"]
2025-05-28 06:14:24 ERROR [http-nio-8080-exec-2] c.n.exception.GlobalExceptionHandler - GlobalExceptionHandler :: handleException() :: ServletOutputStream failed to flush: java.nio.channels.ClosedChannelException
2025-05-28 06:14:24 WARN  [http-nio-8080-exec-2] o.s.w.s.m.m.a.ExceptionHandlerExceptionResolver - Resolved [org.springframework.web.context.request.async.AsyncRequestNotUsableException: ServletOutputStream failed to flush: java.nio.channels.ClosedChannelException]
2025-05-28 06:14:24 INFO  [Thread-7] o.s.o.j.LocalContainerEntityManagerFactoryBean - Closing JPA EntityManagerFactory for persistence unit 'default'
2025-05-28 06:14:24 INFO  [Thread-7] com.zaxxer.hikari.HikariDataSource - HikariPool-2 - Shutdown initiated...
2025-05-28 06:14:24 INFO  [Thread-7] com.zaxxer.hikari.HikariDataSource - HikariPool-2 - Shutdown completed.
2025-05-28 06:14:24 INFO  [restartedMain] c.n.NotesApiServiceApplication - Starting NotesApiServiceApplication using Java 21.0.4 with PID 18424 (E:\Personal Project(Spring)\ENote Project\Notes Api Service\target\classes started by golam.kibria in E:\Personal Project(Spring)\ENote Project\Notes Api Service)
2025-05-28 06:14:24 INFO  [restartedMain] c.n.NotesApiServiceApplication - The following 1 profile is active: "dev"
2025-05-28 06:14:24 INFO  [restartedMain] o.s.d.r.c.RepositoryConfigurationDelegate - Bootstrapping Spring Data JPA repositories in DEFAULT mode.
2025-05-28 06:14:24 INFO  [restartedMain] o.s.d.r.c.RepositoryConfigurationDelegate - Finished Spring Data repository scanning in 24 ms. Found 7 JPA repository interfaces.
2025-05-28 06:14:24 INFO  [restartedMain] o.s.b.w.e.tomcat.TomcatWebServer - Tomcat initialized with port 8080 (http)
2025-05-28 06:14:24 INFO  [restartedMain] o.a.coyote.http11.Http11NioProtocol - Initializing ProtocolHandler ["http-nio-8080"]
2025-05-28 06:14:24 INFO  [restartedMain] o.a.catalina.core.StandardService - Starting service [Tomcat]
2025-05-28 06:14:24 INFO  [restartedMain] o.a.catalina.core.StandardEngine - Starting Servlet engine: [Apache Tomcat/10.1.31]
2025-05-28 06:14:25 INFO  [restartedMain] o.a.c.c.C.[Tomcat].[localhost].[/] - Initializing Spring embedded WebApplicationContext
2025-05-28 06:14:25 INFO  [restartedMain] o.s.b.w.s.c.ServletWebServerApplicationContext - Root WebApplicationContext: initialization completed in 707 ms
2025-05-28 06:14:25 INFO  [restartedMain] o.h.jpa.internal.util.LogHelper - HHH000204: Processing PersistenceUnitInfo [name: default]
2025-05-28 06:14:25 INFO  [restartedMain] o.h.c.i.RegionFactoryInitiator - HHH000026: Second-level cache disabled
2025-05-28 06:14:25 INFO  [restartedMain] o.s.o.j.p.SpringPersistenceUnitInfo - No LoadTimeWeaver setup: ignoring JPA class transformer
2025-05-28 06:14:25 INFO  [restartedMain] com.zaxxer.hikari.HikariDataSource - HikariPool-3 - Starting...
2025-05-28 06:14:25 INFO  [restartedMain] com.zaxxer.hikari.pool.HikariPool - HikariPool-3 - Added connection com.mysql.cj.jdbc.ConnectionImpl@696f110
2025-05-28 06:14:25 INFO  [restartedMain] com.zaxxer.hikari.HikariDataSource - HikariPool-3 - Start completed.
2025-05-28 06:14:25 INFO  [restartedMain] o.h.e.t.j.p.i.JtaPlatformInitiator - HHH000489: No JTA platform available (set 'hibernate.transaction.jta.platform' to enable JTA platform integration)
2025-05-28 06:14:25 INFO  [restartedMain] o.s.o.j.LocalContainerEntityManagerFactoryBean - Initialized JPA EntityManagerFactory for persistence unit 'default'
2025-05-28 06:14:26 INFO  [restartedMain] o.s.s.c.a.a.c.InitializeAuthenticationProviderBeanManagerConfigurer$InitializeAuthenticationProviderManagerConfigurer - Global AuthenticationManager configured with AuthenticationProvider bean with name authenticationProvider
2025-05-28 06:14:26 WARN  [restartedMain] o.s.s.c.a.a.c.InitializeUserDetailsBeanManagerConfigurer$InitializeUserDetailsManagerConfigurer - Global AuthenticationManager configured with an AuthenticationProvider bean. UserDetailsService beans will not be used for username/password login. Consider removing the AuthenticationProvider bean. Alternatively, consider using the UserDetailsService in a manually instantiated DaoAuthenticationProvider.
2025-05-28 06:14:26 WARN  [restartedMain] o.s.b.a.o.j.JpaBaseConfiguration$JpaWebConfiguration - spring.jpa.open-in-view is enabled by default. Therefore, database queries may be performed during view rendering. Explicitly configure spring.jpa.open-in-view to disable this warning
2025-05-28 06:14:27 INFO  [restartedMain] o.s.b.a.e.web.EndpointLinksResolver - Exposing 15 endpoints beneath base path '/actuator'
2025-05-28 06:14:27 INFO  [restartedMain] o.s.b.d.a.OptionalLiveReloadServer - LiveReload server is running on port 35729
2025-05-28 06:14:27 INFO  [restartedMain] o.a.coyote.http11.Http11NioProtocol - Starting ProtocolHandler ["http-nio-8080"]
2025-05-28 06:14:27 INFO  [restartedMain] o.s.b.w.e.tomcat.TomcatWebServer - Tomcat started on port 8080 (http) with context path '/'
2025-05-28 06:14:27 INFO  [restartedMain] c.n.NotesApiServiceApplication - Started NotesApiServiceApplication in 3.717 seconds (process running for 136.315)
2025-05-28 06:14:27 INFO  [restartedMain] o.s.b.d.a.ConditionEvaluationDeltaLoggingListener - Condition evaluation unchanged
2025-05-28 06:14:30 INFO  [http-nio-8080-exec-1] o.a.c.c.C.[Tomcat].[localhost].[/] - Initializing Spring DispatcherServlet 'dispatcherServlet'
2025-05-28 06:14:30 INFO  [http-nio-8080-exec-1] o.s.web.servlet.DispatcherServlet - Initializing Servlet 'dispatcherServlet'
2025-05-28 06:14:30 INFO  [http-nio-8080-exec-1] o.s.web.servlet.DispatcherServlet - Completed initialization in 2 ms
2025-05-28 06:14:30 INFO  [http-nio-8080-exec-1] c.n.aspect.LoggingAspect - Calling :: AuthController  :: loginUser()
2025-05-28 06:14:30 INFO  [http-nio-8080-exec-1] c.n.controller.AuthController - AuthController :: loginUser :: Execution start
2025-05-28 06:14:30 INFO  [http-nio-8080-exec-1] c.n.controller.AuthController - AuthController :: loginUser :: Execution end
2025-05-28 06:14:30 INFO  [http-nio-8080-exec-1] c.n.aspect.LoggingAspect - After return Calling :: AuthController  :: loginUser()
2025-05-28 06:14:30 INFO  [http-nio-8080-exec-1] c.n.aspect.LoggingAspect - End calling :: AuthController  :: loginUser()
2025-05-28 06:14:30 INFO  [http-nio-8080-exec-1] c.n.aspect.LoggingAspect - Execution time :: loginUser():: 203 ms
2025-05-28 06:14:38 INFO  [http-nio-8080-exec-2] c.n.aspect.LoggingAspect - Calling :: AuthController  :: loginUser()
2025-05-28 06:14:38 INFO  [http-nio-8080-exec-2] c.n.controller.AuthController - AuthController :: loginUser :: Execution start
2025-05-28 06:14:38 INFO  [http-nio-8080-exec-2] c.n.aspect.LoggingAspect - End calling :: AuthController  :: loginUser()
2025-05-28 06:14:38 ERROR [http-nio-8080-exec-2] c.n.exception.GlobalExceptionHandler - GlobalExceptionHandler :: handleBadCredentialsException() :: Bad credentials
2025-05-28 06:14:38 WARN  [http-nio-8080-exec-2] o.s.w.s.m.m.a.ExceptionHandlerExceptionResolver - Resolved [org.springframework.security.authentication.BadCredentialsException: Bad credentials]
2025-05-28 06:17:31 INFO  [SpringApplicationShutdownHook] o.s.o.j.LocalContainerEntityManagerFactoryBean - Closing JPA EntityManagerFactory for persistence unit 'default'
2025-05-28 06:17:31 INFO  [SpringApplicationShutdownHook] com.zaxxer.hikari.HikariDataSource - HikariPool-3 - Shutdown initiated...
2025-05-28 06:17:31 INFO  [SpringApplicationShutdownHook] com.zaxxer.hikari.HikariDataSource - HikariPool-3 - Shutdown completed.
2025-05-28 06:17:35 INFO  [background-preinit] o.h.validator.internal.util.Version - HV000001: Hibernate Validator 8.0.1.Final
2025-05-28 06:17:35 INFO  [restartedMain] c.n.NotesApiServiceApplication - Starting NotesApiServiceApplication using Java 21.0.4 with PID 5864 (E:\Personal Project(Spring)\ENote Project\Notes Api Service\target\classes started by golam.kibria in E:\Personal Project(Spring)\ENote Project\Notes Api Service)
2025-05-28 06:17:35 INFO  [restartedMain] c.n.NotesApiServiceApplication - The following 1 profile is active: "dev"
2025-05-28 06:17:35 INFO  [restartedMain] o.s.b.d.e.DevToolsPropertyDefaultsPostProcessor - Devtools property defaults active! Set 'spring.devtools.add-properties' to 'false' to disable
2025-05-28 06:17:35 INFO  [restartedMain] o.s.b.d.e.DevToolsPropertyDefaultsPostProcessor - For additional web related logging consider setting the 'logging.level.web' property to 'DEBUG'
2025-05-28 06:17:36 INFO  [restartedMain] o.s.d.r.c.RepositoryConfigurationDelegate - Bootstrapping Spring Data JPA repositories in DEFAULT mode.
2025-05-28 06:17:36 INFO  [restartedMain] o.s.d.r.c.RepositoryConfigurationDelegate - Finished Spring Data repository scanning in 78 ms. Found 7 JPA repository interfaces.
2025-05-28 06:17:38 INFO  [restartedMain] o.s.b.w.e.tomcat.TomcatWebServer - Tomcat initialized with port 8080 (http)
2025-05-28 06:17:38 INFO  [restartedMain] o.a.coyote.http11.Http11NioProtocol - Initializing ProtocolHandler ["http-nio-8080"]
2025-05-28 06:17:38 INFO  [restartedMain] o.a.catalina.core.StandardService - Starting service [Tomcat]
2025-05-28 06:17:38 INFO  [restartedMain] o.a.catalina.core.StandardEngine - Starting Servlet engine: [Apache Tomcat/10.1.31]
2025-05-28 06:17:38 INFO  [restartedMain] o.a.c.c.C.[Tomcat].[localhost].[/] - Initializing Spring embedded WebApplicationContext
2025-05-28 06:17:38 INFO  [restartedMain] o.s.b.w.s.c.ServletWebServerApplicationContext - Root WebApplicationContext: initialization completed in 3164 ms
2025-05-28 06:17:39 INFO  [restartedMain] o.h.jpa.internal.util.LogHelper - HHH000204: Processing PersistenceUnitInfo [name: default]
2025-05-28 06:17:39 INFO  [restartedMain] org.hibernate.Version - HHH000412: Hibernate ORM core version 6.5.3.Final
2025-05-28 06:17:39 INFO  [restartedMain] o.h.c.i.RegionFactoryInitiator - HHH000026: Second-level cache disabled
2025-05-28 06:17:39 INFO  [restartedMain] o.s.o.j.p.SpringPersistenceUnitInfo - No LoadTimeWeaver setup: ignoring JPA class transformer
2025-05-28 06:17:39 INFO  [restartedMain] com.zaxxer.hikari.HikariDataSource - HikariPool-1 - Starting...
2025-05-28 06:17:40 INFO  [restartedMain] com.zaxxer.hikari.pool.HikariPool - HikariPool-1 - Added connection com.mysql.cj.jdbc.ConnectionImpl@5dd19c0b
2025-05-28 06:17:40 INFO  [restartedMain] com.zaxxer.hikari.HikariDataSource - HikariPool-1 - Start completed.
2025-05-28 06:17:41 INFO  [restartedMain] o.h.e.t.j.p.i.JtaPlatformInitiator - HHH000489: No JTA platform available (set 'hibernate.transaction.jta.platform' to enable JTA platform integration)
2025-05-28 06:17:41 INFO  [restartedMain] o.s.o.j.LocalContainerEntityManagerFactoryBean - Initialized JPA EntityManagerFactory for persistence unit 'default'
2025-05-28 06:17:42 INFO  [restartedMain] o.s.d.j.r.query.QueryEnhancerFactory - Hibernate is in classpath; If applicable, HQL parser will be used.
2025-05-28 06:17:43 INFO  [restartedMain] o.s.s.c.a.a.c.InitializeAuthenticationProviderBeanManagerConfigurer$InitializeAuthenticationProviderManagerConfigurer - Global AuthenticationManager configured with AuthenticationProvider bean with name authenticationProvider
2025-05-28 06:17:43 WARN  [restartedMain] o.s.s.c.a.a.c.InitializeUserDetailsBeanManagerConfigurer$InitializeUserDetailsManagerConfigurer - Global AuthenticationManager configured with an AuthenticationProvider bean. UserDetailsService beans will not be used for username/password login. Consider removing the AuthenticationProvider bean. Alternatively, consider using the UserDetailsService in a manually instantiated DaoAuthenticationProvider.
2025-05-28 06:17:44 WARN  [restartedMain] o.s.b.a.o.j.JpaBaseConfiguration$JpaWebConfiguration - spring.jpa.open-in-view is enabled by default. Therefore, database queries may be performed during view rendering. Explicitly configure spring.jpa.open-in-view to disable this warning
2025-05-28 06:17:45 INFO  [restartedMain] o.s.b.a.e.web.EndpointLinksResolver - Exposing 15 endpoints beneath base path '/actuator'
2025-05-28 06:17:47 INFO  [restartedMain] o.s.b.d.a.OptionalLiveReloadServer - LiveReload server is running on port 35729
2025-05-28 06:17:47 INFO  [restartedMain] o.a.coyote.http11.Http11NioProtocol - Starting ProtocolHandler ["http-nio-8080"]
2025-05-28 06:17:47 INFO  [restartedMain] o.s.b.w.e.tomcat.TomcatWebServer - Tomcat started on port 8080 (http) with context path '/'
2025-05-28 06:17:47 INFO  [restartedMain] c.n.NotesApiServiceApplication - Started NotesApiServiceApplication in 12.318 seconds (process running for 13.189)
2025-05-28 06:17:48 INFO  [RMI TCP Connection(2)-192.168.1.4] o.a.c.c.C.[Tomcat].[localhost].[/] - Initializing Spring DispatcherServlet 'dispatcherServlet'
2025-05-28 06:17:48 INFO  [RMI TCP Connection(2)-192.168.1.4] o.s.web.servlet.DispatcherServlet - Initializing Servlet 'dispatcherServlet'
2025-05-28 06:17:48 INFO  [RMI TCP Connection(2)-192.168.1.4] o.s.web.servlet.DispatcherServlet - Completed initialization in 2 ms
2025-05-28 06:17:53 INFO  [http-nio-8080-exec-2] c.n.aspect.LoggingAspect - Calling :: AuthController  :: loginUser()
2025-05-28 06:17:53 INFO  [http-nio-8080-exec-2] c.n.controller.AuthController - AuthController :: loginUser :: Execution start
2025-05-28 06:17:53 INFO  [http-nio-8080-exec-2] c.n.aspect.LoggingAspect - Calling :: AuthController  :: loginUser() Throw An exception
2025-05-28 06:17:53 INFO  [http-nio-8080-exec-2] c.n.aspect.LoggingAspect - End calling :: AuthController  :: loginUser()
2025-05-28 06:17:53 ERROR [http-nio-8080-exec-2] c.n.exception.GlobalExceptionHandler - GlobalExceptionHandler :: handleBadCredentialsException() :: Bad credentials
2025-05-28 06:17:53 WARN  [http-nio-8080-exec-2] o.s.w.s.m.m.a.ExceptionHandlerExceptionResolver - Resolved [org.springframework.security.authentication.BadCredentialsException: Bad credentials]
2025-05-28 06:19:58 INFO  [SpringApplicationShutdownHook] o.s.o.j.LocalContainerEntityManagerFactoryBean - Closing JPA EntityManagerFactory for persistence unit 'default'
2025-05-28 06:19:58 INFO  [SpringApplicationShutdownHook] com.zaxxer.hikari.HikariDataSource - HikariPool-1 - Shutdown initiated...
2025-05-28 06:19:58 INFO  [SpringApplicationShutdownHook] com.zaxxer.hikari.HikariDataSource - HikariPool-1 - Shutdown completed.
2025-05-28 06:30:12 INFO  [background-preinit] o.h.validator.internal.util.Version - HV000001: Hibernate Validator 8.0.1.Final
2025-05-28 06:30:12 INFO  [restartedMain] c.n.NotesApiServiceApplication - Starting NotesApiServiceApplication using Java 21.0.4 with PID 15612 (E:\Personal Project(Spring)\ENote Project\Notes Api Service\target\classes started by golam.kibria in E:\Personal Project(Spring)\ENote Project\Notes Api Service)
2025-05-28 06:30:12 INFO  [restartedMain] c.n.NotesApiServiceApplication - The following 1 profile is active: "dev"
2025-05-28 06:30:12 INFO  [restartedMain] o.s.b.d.e.DevToolsPropertyDefaultsPostProcessor - Devtools property defaults active! Set 'spring.devtools.add-properties' to 'false' to disable
2025-05-28 06:30:12 INFO  [restartedMain] o.s.b.d.e.DevToolsPropertyDefaultsPostProcessor - For additional web related logging consider setting the 'logging.level.web' property to 'DEBUG'
2025-05-28 06:30:13 INFO  [restartedMain] o.s.d.r.c.RepositoryConfigurationDelegate - Bootstrapping Spring Data JPA repositories in DEFAULT mode.
2025-05-28 06:30:13 INFO  [restartedMain] o.s.d.r.c.RepositoryConfigurationDelegate - Finished Spring Data repository scanning in 45 ms. Found 7 JPA repository interfaces.
2025-05-28 06:30:14 INFO  [restartedMain] o.s.b.w.e.tomcat.TomcatWebServer - Tomcat initialized with port 8080 (http)
2025-05-28 06:30:14 INFO  [restartedMain] o.a.coyote.http11.Http11NioProtocol - Initializing ProtocolHandler ["http-nio-8080"]
2025-05-28 06:30:14 INFO  [restartedMain] o.a.catalina.core.StandardService - Starting service [Tomcat]
2025-05-28 06:30:14 INFO  [restartedMain] o.a.catalina.core.StandardEngine - Starting Servlet engine: [Apache Tomcat/10.1.31]
2025-05-28 06:30:14 INFO  [restartedMain] o.a.c.c.C.[Tomcat].[localhost].[/] - Initializing Spring embedded WebApplicationContext
2025-05-28 06:30:14 INFO  [restartedMain] o.s.b.w.s.c.ServletWebServerApplicationContext - Root WebApplicationContext: initialization completed in 2068 ms
2025-05-28 06:30:14 INFO  [restartedMain] o.h.jpa.internal.util.LogHelper - HHH000204: Processing PersistenceUnitInfo [name: default]
2025-05-28 06:30:15 INFO  [restartedMain] org.hibernate.Version - HHH000412: Hibernate ORM core version 6.5.3.Final
2025-05-28 06:30:15 INFO  [restartedMain] o.h.c.i.RegionFactoryInitiator - HHH000026: Second-level cache disabled
2025-05-28 06:30:15 INFO  [restartedMain] o.s.o.j.p.SpringPersistenceUnitInfo - No LoadTimeWeaver setup: ignoring JPA class transformer
2025-05-28 06:30:15 INFO  [restartedMain] com.zaxxer.hikari.HikariDataSource - HikariPool-1 - Starting...
2025-05-28 06:30:15 INFO  [restartedMain] com.zaxxer.hikari.pool.HikariPool - HikariPool-1 - Added connection com.mysql.cj.jdbc.ConnectionImpl@46edb17b
2025-05-28 06:30:15 INFO  [restartedMain] com.zaxxer.hikari.HikariDataSource - HikariPool-1 - Start completed.
2025-05-28 06:30:17 INFO  [restartedMain] o.h.e.t.j.p.i.JtaPlatformInitiator - HHH000489: No JTA platform available (set 'hibernate.transaction.jta.platform' to enable JTA platform integration)
2025-05-28 06:30:17 INFO  [restartedMain] o.s.o.j.LocalContainerEntityManagerFactoryBean - Initialized JPA EntityManagerFactory for persistence unit 'default'
2025-05-28 06:30:17 INFO  [restartedMain] o.s.d.j.r.query.QueryEnhancerFactory - Hibernate is in classpath; If applicable, HQL parser will be used.
2025-05-28 06:30:18 INFO  [restartedMain] o.s.s.c.a.a.c.InitializeAuthenticationProviderBeanManagerConfigurer$InitializeAuthenticationProviderManagerConfigurer - Global AuthenticationManager configured with AuthenticationProvider bean with name authenticationProvider
2025-05-28 06:30:18 WARN  [restartedMain] o.s.s.c.a.a.c.InitializeUserDetailsBeanManagerConfigurer$InitializeUserDetailsManagerConfigurer - Global AuthenticationManager configured with an AuthenticationProvider bean. UserDetailsService beans will not be used for username/password login. Consider removing the AuthenticationProvider bean. Alternatively, consider using the UserDetailsService in a manually instantiated DaoAuthenticationProvider.
2025-05-28 06:30:20 WARN  [restartedMain] o.s.b.a.o.j.JpaBaseConfiguration$JpaWebConfiguration - spring.jpa.open-in-view is enabled by default. Therefore, database queries may be performed during view rendering. Explicitly configure spring.jpa.open-in-view to disable this warning
2025-05-28 06:30:21 INFO  [restartedMain] o.s.b.a.e.web.EndpointLinksResolver - Exposing 15 endpoints beneath base path '/actuator'
2025-05-28 06:30:22 INFO  [restartedMain] o.s.b.d.a.OptionalLiveReloadServer - LiveReload server is running on port 35729
2025-05-28 06:30:22 INFO  [restartedMain] o.a.coyote.http11.Http11NioProtocol - Starting ProtocolHandler ["http-nio-8080"]
2025-05-28 06:30:22 INFO  [restartedMain] o.s.b.w.e.tomcat.TomcatWebServer - Tomcat started on port 8080 (http) with context path '/'
2025-05-28 06:30:22 INFO  [restartedMain] c.n.NotesApiServiceApplication - Started NotesApiServiceApplication in 10.652 seconds (process running for 11.529)
2025-05-28 06:30:23 INFO  [RMI TCP Connection(1)-192.168.1.4] o.a.c.c.C.[Tomcat].[localhost].[/] - Initializing Spring DispatcherServlet 'dispatcherServlet'
2025-05-28 06:30:23 INFO  [RMI TCP Connection(1)-192.168.1.4] o.s.web.servlet.DispatcherServlet - Initializing Servlet 'dispatcherServlet'
2025-05-28 06:30:23 INFO  [RMI TCP Connection(1)-192.168.1.4] o.s.web.servlet.DispatcherServlet - Completed initialization in 3 ms
2025-05-28 06:30:36 INFO  [http-nio-8080-exec-3] c.n.aspect.LoggingAspect - Calling :: AuthController  :: loginUser()
2025-05-28 06:30:36 INFO  [http-nio-8080-exec-3] c.n.controller.AuthController - AuthController :: loginUser() :: Execution start
2025-05-28 06:30:36 INFO  [http-nio-8080-exec-3] c.n.aspect.LoggingAspect - Calling :: AuthController  :: loginUser() Throw An exception
2025-05-28 06:30:36 ERROR [http-nio-8080-exec-3] c.n.exception.GlobalExceptionHandler - GlobalExceptionHandler :: handleBadCredentialsException() :: Bad credentials
2025-05-28 06:30:36 WARN  [http-nio-8080-exec-3] o.s.w.s.m.m.a.ExceptionHandlerExceptionResolver - Resolved [org.springframework.security.authentication.BadCredentialsException: Bad credentials]
2025-05-28 06:30:54 INFO  [http-nio-8080-exec-4] c.n.aspect.LoggingAspect - Calling :: AuthController  :: loginUser()
2025-05-28 06:30:54 INFO  [http-nio-8080-exec-4] c.n.controller.AuthController - AuthController :: loginUser() :: Execution start
2025-05-28 06:30:55 INFO  [http-nio-8080-exec-4] c.n.controller.AuthController - AuthController :: loginUser() :: Execution end
2025-05-28 06:30:55 INFO  [http-nio-8080-exec-4] c.n.aspect.LoggingAspect - Calling :: AuthController  :: loginUser() return successfully
2025-05-28 06:30:55 INFO  [http-nio-8080-exec-4] c.n.aspect.LoggingAspect - Execution time :: loginUser():: 185 ms
2025-05-28 06:30:55 INFO  [http-nio-8080-exec-4] c.n.aspect.LoggingAspect - End calling :: AuthController  :: loginUser()
2025-05-28 06:32:07 INFO  [SpringApplicationShutdownHook] o.s.o.j.LocalContainerEntityManagerFactoryBean - Closing JPA EntityManagerFactory for persistence unit 'default'
2025-05-28 06:32:07 INFO  [SpringApplicationShutdownHook] com.zaxxer.hikari.HikariDataSource - HikariPool-1 - Shutdown initiated...
2025-05-28 06:32:07 INFO  [SpringApplicationShutdownHook] com.zaxxer.hikari.HikariDataSource - HikariPool-1 - Shutdown completed.
2025-05-28 06:32:12 INFO  [background-preinit] o.h.validator.internal.util.Version - HV000001: Hibernate Validator 8.0.1.Final
2025-05-28 06:32:12 INFO  [restartedMain] c.n.NotesApiServiceApplication - Starting NotesApiServiceApplication using Java 21.0.4 with PID 3008 (E:\Personal Project(Spring)\ENote Project\Notes Api Service\target\classes started by golam.kibria in E:\Personal Project(Spring)\ENote Project\Notes Api Service)
2025-05-28 06:32:12 INFO  [restartedMain] c.n.NotesApiServiceApplication - The following 1 profile is active: "dev"
2025-05-28 06:32:12 INFO  [restartedMain] o.s.b.d.e.DevToolsPropertyDefaultsPostProcessor - Devtools property defaults active! Set 'spring.devtools.add-properties' to 'false' to disable
2025-05-28 06:32:12 INFO  [restartedMain] o.s.b.d.e.DevToolsPropertyDefaultsPostProcessor - For additional web related logging consider setting the 'logging.level.web' property to 'DEBUG'
2025-05-28 06:32:13 INFO  [restartedMain] o.s.d.r.c.RepositoryConfigurationDelegate - Bootstrapping Spring Data JPA repositories in DEFAULT mode.
2025-05-28 06:32:13 INFO  [restartedMain] o.s.d.r.c.RepositoryConfigurationDelegate - Finished Spring Data repository scanning in 39 ms. Found 7 JPA repository interfaces.
2025-05-28 06:32:14 INFO  [restartedMain] o.s.b.w.e.tomcat.TomcatWebServer - Tomcat initialized with port 8080 (http)
2025-05-28 06:32:14 INFO  [restartedMain] o.a.coyote.http11.Http11NioProtocol - Initializing ProtocolHandler ["http-nio-8080"]
2025-05-28 06:32:14 INFO  [restartedMain] o.a.catalina.core.StandardService - Starting service [Tomcat]
2025-05-28 06:32:14 INFO  [restartedMain] o.a.catalina.core.StandardEngine - Starting Servlet engine: [Apache Tomcat/10.1.31]
2025-05-28 06:32:14 INFO  [restartedMain] o.a.c.c.C.[Tomcat].[localhost].[/] - Initializing Spring embedded WebApplicationContext
2025-05-28 06:32:14 INFO  [restartedMain] o.s.b.w.s.c.ServletWebServerApplicationContext - Root WebApplicationContext: initialization completed in 1957 ms
2025-05-28 06:32:14 INFO  [restartedMain] o.h.jpa.internal.util.LogHelper - HHH000204: Processing PersistenceUnitInfo [name: default]
2025-05-28 06:32:14 INFO  [restartedMain] org.hibernate.Version - HHH000412: Hibernate ORM core version 6.5.3.Final
2025-05-28 06:32:14 INFO  [restartedMain] o.h.c.i.RegionFactoryInitiator - HHH000026: Second-level cache disabled
2025-05-28 06:32:15 INFO  [restartedMain] o.s.o.j.p.SpringPersistenceUnitInfo - No LoadTimeWeaver setup: ignoring JPA class transformer
2025-05-28 06:32:15 INFO  [restartedMain] com.zaxxer.hikari.HikariDataSource - HikariPool-1 - Starting...
2025-05-28 06:32:15 INFO  [restartedMain] com.zaxxer.hikari.pool.HikariPool - HikariPool-1 - Added connection com.mysql.cj.jdbc.ConnectionImpl@425efebe
2025-05-28 06:32:15 INFO  [restartedMain] com.zaxxer.hikari.HikariDataSource - HikariPool-1 - Start completed.
2025-05-28 06:32:16 INFO  [restartedMain] o.h.e.t.j.p.i.JtaPlatformInitiator - HHH000489: No JTA platform available (set 'hibernate.transaction.jta.platform' to enable JTA platform integration)
2025-05-28 06:32:16 INFO  [restartedMain] o.s.o.j.LocalContainerEntityManagerFactoryBean - Initialized JPA EntityManagerFactory for persistence unit 'default'
2025-05-28 06:32:17 INFO  [restartedMain] o.s.d.j.r.query.QueryEnhancerFactory - Hibernate is in classpath; If applicable, HQL parser will be used.
2025-05-28 06:32:18 INFO  [restartedMain] o.s.s.c.a.a.c.InitializeAuthenticationProviderBeanManagerConfigurer$InitializeAuthenticationProviderManagerConfigurer - Global AuthenticationManager configured with AuthenticationProvider bean with name authenticationProvider
2025-05-28 06:32:18 WARN  [restartedMain] o.s.s.c.a.a.c.InitializeUserDetailsBeanManagerConfigurer$InitializeUserDetailsManagerConfigurer - Global AuthenticationManager configured with an AuthenticationProvider bean. UserDetailsService beans will not be used for username/password login. Consider removing the AuthenticationProvider bean. Alternatively, consider using the UserDetailsService in a manually instantiated DaoAuthenticationProvider.
2025-05-28 06:32:19 WARN  [restartedMain] o.s.b.a.o.j.JpaBaseConfiguration$JpaWebConfiguration - spring.jpa.open-in-view is enabled by default. Therefore, database queries may be performed during view rendering. Explicitly configure spring.jpa.open-in-view to disable this warning
2025-05-28 06:32:20 INFO  [restartedMain] o.s.b.a.e.web.EndpointLinksResolver - Exposing 15 endpoints beneath base path '/actuator'
2025-05-28 06:32:21 INFO  [restartedMain] o.s.b.d.a.OptionalLiveReloadServer - LiveReload server is running on port 35729
2025-05-28 06:32:21 INFO  [restartedMain] o.a.coyote.http11.Http11NioProtocol - Starting ProtocolHandler ["http-nio-8080"]
2025-05-28 06:32:21 INFO  [restartedMain] o.s.b.w.e.tomcat.TomcatWebServer - Tomcat started on port 8080 (http) with context path '/'
2025-05-28 06:32:21 INFO  [restartedMain] c.n.NotesApiServiceApplication - Started NotesApiServiceApplication in 9.682 seconds (process running for 10.556)
2025-05-28 06:32:22 INFO  [RMI TCP Connection(2)-192.168.1.4] o.a.c.c.C.[Tomcat].[localhost].[/] - Initializing Spring DispatcherServlet 'dispatcherServlet'
2025-05-28 06:32:22 INFO  [RMI TCP Connection(2)-192.168.1.4] o.s.web.servlet.DispatcherServlet - Initializing Servlet 'dispatcherServlet'
2025-05-28 06:32:22 INFO  [RMI TCP Connection(2)-192.168.1.4] o.s.web.servlet.DispatcherServlet - Completed initialization in 2 ms
2025-05-28 06:32:29 INFO  [http-nio-8080-exec-2] c.n.aspect.LoggingAspect - Calling :: AuthController  :: loginUser()
2025-05-28 06:32:29 INFO  [http-nio-8080-exec-2] c.n.controller.AuthController - AuthController :: loginUser() :: Execution start
2025-05-28 06:32:29 INFO  [http-nio-8080-exec-2] c.n.controller.AuthController - AuthController :: loginUser() :: Execution end
2025-05-28 06:32:29 INFO  [http-nio-8080-exec-2] c.n.aspect.LoggingAspect - Return Successfully :: AuthController  :: loginUser()
2025-05-28 06:32:29 INFO  [http-nio-8080-exec-2] c.n.aspect.LoggingAspect - Execution time :: loginUser():: 368 ms
2025-05-28 06:32:29 INFO  [http-nio-8080-exec-2] c.n.aspect.LoggingAspect - End calling :: AuthController  :: loginUser()
2025-05-28 06:33:03 INFO  [SpringApplicationShutdownHook] o.s.o.j.LocalContainerEntityManagerFactoryBean - Closing JPA EntityManagerFactory for persistence unit 'default'
2025-05-28 06:33:03 INFO  [SpringApplicationShutdownHook] com.zaxxer.hikari.HikariDataSource - HikariPool-1 - Shutdown initiated...
2025-05-28 06:33:03 INFO  [SpringApplicationShutdownHook] com.zaxxer.hikari.HikariDataSource - HikariPool-1 - Shutdown completed.
2025-05-28 06:37:20 INFO  [background-preinit] o.h.validator.internal.util.Version - HV000001: Hibernate Validator 8.0.1.Final
2025-05-28 06:37:21 INFO  [restartedMain] c.n.NotesApiServiceApplication - Starting NotesApiServiceApplication using Java 21.0.4 with PID 8172 (E:\Personal Project(Spring)\ENote Project\Notes Api Service\target\classes started by golam.kibria in E:\Personal Project(Spring)\ENote Project\Notes Api Service)
2025-05-28 06:37:21 INFO  [restartedMain] c.n.NotesApiServiceApplication - The following 1 profile is active: "dev"
2025-05-28 06:37:21 INFO  [restartedMain] o.s.b.d.e.DevToolsPropertyDefaultsPostProcessor - Devtools property defaults active! Set 'spring.devtools.add-properties' to 'false' to disable
2025-05-28 06:37:21 INFO  [restartedMain] o.s.b.d.e.DevToolsPropertyDefaultsPostProcessor - For additional web related logging consider setting the 'logging.level.web' property to 'DEBUG'
2025-05-28 06:37:21 INFO  [restartedMain] o.s.d.r.c.RepositoryConfigurationDelegate - Bootstrapping Spring Data JPA repositories in DEFAULT mode.
2025-05-28 06:37:21 INFO  [restartedMain] o.s.d.r.c.RepositoryConfigurationDelegate - Finished Spring Data repository scanning in 41 ms. Found 7 JPA repository interfaces.
2025-05-28 06:37:22 INFO  [restartedMain] o.s.b.w.e.tomcat.TomcatWebServer - Tomcat initialized with port 8080 (http)
2025-05-28 06:37:22 INFO  [restartedMain] o.a.coyote.http11.Http11NioProtocol - Initializing ProtocolHandler ["http-nio-8080"]
2025-05-28 06:37:22 INFO  [restartedMain] o.a.catalina.core.StandardService - Starting service [Tomcat]
2025-05-28 06:37:22 INFO  [restartedMain] o.a.catalina.core.StandardEngine - Starting Servlet engine: [Apache Tomcat/10.1.31]
2025-05-28 06:37:23 INFO  [restartedMain] o.a.c.c.C.[Tomcat].[localhost].[/] - Initializing Spring embedded WebApplicationContext
2025-05-28 06:37:23 INFO  [restartedMain] o.s.b.w.s.c.ServletWebServerApplicationContext - Root WebApplicationContext: initialization completed in 1966 ms
2025-05-28 06:37:23 INFO  [restartedMain] o.h.jpa.internal.util.LogHelper - HHH000204: Processing PersistenceUnitInfo [name: default]
2025-05-28 06:37:23 INFO  [restartedMain] org.hibernate.Version - HHH000412: Hibernate ORM core version 6.5.3.Final
2025-05-28 06:37:23 INFO  [restartedMain] o.h.c.i.RegionFactoryInitiator - HHH000026: Second-level cache disabled
2025-05-28 06:37:23 INFO  [restartedMain] o.s.o.j.p.SpringPersistenceUnitInfo - No LoadTimeWeaver setup: ignoring JPA class transformer
2025-05-28 06:37:23 INFO  [restartedMain] com.zaxxer.hikari.HikariDataSource - HikariPool-1 - Starting...
2025-05-28 06:37:23 INFO  [restartedMain] com.zaxxer.hikari.pool.HikariPool - HikariPool-1 - Added connection com.mysql.cj.jdbc.ConnectionImpl@425efebe
2025-05-28 06:37:23 INFO  [restartedMain] com.zaxxer.hikari.HikariDataSource - HikariPool-1 - Start completed.
2025-05-28 06:37:24 INFO  [restartedMain] o.h.e.t.j.p.i.JtaPlatformInitiator - HHH000489: No JTA platform available (set 'hibernate.transaction.jta.platform' to enable JTA platform integration)
2025-05-28 06:37:24 INFO  [restartedMain] o.s.o.j.LocalContainerEntityManagerFactoryBean - Initialized JPA EntityManagerFactory for persistence unit 'default'
2025-05-28 06:37:25 INFO  [restartedMain] o.s.d.j.r.query.QueryEnhancerFactory - Hibernate is in classpath; If applicable, HQL parser will be used.
2025-05-28 06:37:26 INFO  [restartedMain] o.s.s.c.a.a.c.InitializeAuthenticationProviderBeanManagerConfigurer$InitializeAuthenticationProviderManagerConfigurer - Global AuthenticationManager configured with AuthenticationProvider bean with name authenticationProvider
2025-05-28 06:37:26 WARN  [restartedMain] o.s.s.c.a.a.c.InitializeUserDetailsBeanManagerConfigurer$InitializeUserDetailsManagerConfigurer - Global AuthenticationManager configured with an AuthenticationProvider bean. UserDetailsService beans will not be used for username/password login. Consider removing the AuthenticationProvider bean. Alternatively, consider using the UserDetailsService in a manually instantiated DaoAuthenticationProvider.
2025-05-28 06:37:27 WARN  [restartedMain] o.s.b.a.o.j.JpaBaseConfiguration$JpaWebConfiguration - spring.jpa.open-in-view is enabled by default. Therefore, database queries may be performed during view rendering. Explicitly configure spring.jpa.open-in-view to disable this warning
2025-05-28 06:37:28 INFO  [restartedMain] o.s.b.a.e.web.EndpointLinksResolver - Exposing 15 endpoints beneath base path '/actuator'
2025-05-28 06:37:29 INFO  [restartedMain] o.s.b.d.a.OptionalLiveReloadServer - LiveReload server is running on port 35729
2025-05-28 06:37:29 INFO  [restartedMain] o.a.coyote.http11.Http11NioProtocol - Starting ProtocolHandler ["http-nio-8080"]
2025-05-28 06:37:29 INFO  [restartedMain] o.s.b.w.e.tomcat.TomcatWebServer - Tomcat started on port 8080 (http) with context path '/'
2025-05-28 06:37:29 INFO  [restartedMain] c.n.NotesApiServiceApplication - Started NotesApiServiceApplication in 9.278 seconds (process running for 10.151)
2025-05-28 06:37:30 INFO  [RMI TCP Connection(2)-192.168.1.4] o.a.c.c.C.[Tomcat].[localhost].[/] - Initializing Spring DispatcherServlet 'dispatcherServlet'
2025-05-28 06:37:30 INFO  [RMI TCP Connection(2)-192.168.1.4] o.s.web.servlet.DispatcherServlet - Initializing Servlet 'dispatcherServlet'
2025-05-28 06:37:30 INFO  [RMI TCP Connection(2)-192.168.1.4] o.s.web.servlet.DispatcherServlet - Completed initialization in 2 ms
2025-05-28 06:37:37 INFO  [http-nio-8080-exec-1] c.n.aspect.LoggingAspect - Calling :: AuthController  :: loginUser()
2025-05-28 06:37:37 INFO  [http-nio-8080-exec-1] c.n.controller.AuthController - AuthController :: loginUser() :: Execution start
2025-05-28 06:37:38 INFO  [http-nio-8080-exec-1] c.n.controller.AuthController - AuthController :: loginUser() :: Execution end
2025-05-28 06:37:38 INFO  [http-nio-8080-exec-1] c.n.aspect.LoggingAspect - Return Successfully :: AuthController  :: loginUser()
2025-05-28 06:37:38 INFO  [http-nio-8080-exec-1] c.n.aspect.LoggingAspect - End calling :: AuthController  :: loginUser() :: Execution time- 383 ms
2025-05-28 06:38:16 INFO  [SpringApplicationShutdownHook] o.s.o.j.LocalContainerEntityManagerFactoryBean - Closing JPA EntityManagerFactory for persistence unit 'default'
2025-05-28 06:38:16 INFO  [SpringApplicationShutdownHook] com.zaxxer.hikari.HikariDataSource - HikariPool-1 - Shutdown initiated...
2025-05-28 06:38:16 INFO  [SpringApplicationShutdownHook] com.zaxxer.hikari.HikariDataSource - HikariPool-1 - Shutdown completed.
